word,syllable_thai,syllable_roman,onset,vowel,coda,has_long_vowel,ipa,g2p
ที่,ที่,thi,th,i,,True,tʰiː3,thii2
ไม่,ไม่,mai,m,ai,,False,maj3,maj2
มี,มี,mi,m,i,,True,miː1,mii0
และ,และ,lae,l,ae,,False,lɛ4,lx3
ได้,ได้,dai,d,ai,,True,daːj3,daaj2
ใน,ใน,nai,n,ai,,False,naj1,naj0
มา,มา,ma,m,a,,True,maː1,maa0
ไป,ไป,pai,p,ai,,False,paj1,paj0
ก็,ก็,ko,k,o,,True,kᴐː3,kOO2
จะ,จะ,cha,ch,a,,False,ca2,ca1
เป็น,เป็น,pen,p,e,n,False,pen1,pen0
ของ,ของ,khong,kh,o,ng,True,kʰᴐːŋ5,khOON4
ให้,ให้,hai,h,ai,,False,haj3,haj2
ว่า,ว่า,wa,w,a,,True,waː3,waa2
ร้าน,ร้าน,ran,r,a,n,True,raːn4,raan3
การ,การ,kan,k,a,n,True,kaːn1,kaan0
เลย,เลย,loei,l,oei,,True,lɤːj1,l@@j0
แต่,แต่,tae,t,ae,,True,tɛː2,txx1
นี้,นี้,ni,n,i,,True,niː4,nii3
ค่ะ,ค่ะ,kha,kh,a,,False,kʰa3,kha2
กับ,กับ,kap,k,a,p,False,kap2,kap1
แล้ว,แล้ว,laeo,l,aeo,,True,lɛːw4,lxxw3
มาก,มาก,mak,m,a,k,True,maːk3,maak2
ครับ,ครับ,khrap,khr,a,p,False,kʰrap4,khrap3
คน,คน,khon,kh,o,n,False,kʰon1,khon0
ดี,ดี,di,d,i,,True,diː1,dii0
ต้อง,ต้อง,tong,t,o,ng,True,tᴐːŋ3,tOON2
กิน,กิน,kin,k,i,n,False,kin1,kin0
ด้วย,ด้วย,duai,d,uai,,True,duːaj3,duuaj2
อยู่,อยู่,yu,y,u,,True,juː2,juu1
อร่อย,อร่อย,aroi,,aroi,,True,ʔa2,?a1'rOOj1
เรา,เรา,rao,r,ao,,False,raw1,raw0
คือ,คือ,khue,kh,ue,,True,kʰɯː1,khUU0
จาก,จาก,chak,ch,a,k,True,caːk2,caak1
กัน,กัน,kan,k,a,n,False,kan1,kan0
นะ,นะ,na,n,a,,False,na4,na3
มัน,มัน,man,m,a,n,False,man1,man0
หรือ,หรือ,rue,r,ue,,True,rɯː5,rUU4
อย่าง,อย่าง,yang,y,a,ng,True,jaːŋ2,jaaN1
เพราะ,เพราะ,phro,phr,o,,False,pʰrᴐ4,phrO3
ใช้,ใช้,chai,ch,ai,,False,cʰaj4,chaj3
ยัง,ยัง,yang,y,a,ng,False,jaŋ1,jaN0
ทาน,ทาน,than,th,a,n,True,tʰaːn1,thaan0
แบบ,แบบ,baep,b,ae,p,True,bɛːp2,bxxp1
บาท,บาท,bat,b,a,t,True,baːt2,baat1
ราคา,รา,ra,r,a,,True,raː1,raa0
ราคา,คา,kha,kh,a,,True,kʰaː1,khaa0
อีก,อีก,ik,,i,k,True,ʔiːk2,?iik1
ถ้า,ถ้า,tha,th,a,,True,tʰaː3,thaa2
สั่ง,สั่ง,sang,s,a,ng,False,saŋ2,saN1
ไทย,ไทย,thai,th,ai,,False,tʰaj1,thaj0
กว่า,กว่า,kwa,k,wa,,True,kwaː2,kwaa1
รสชาติ,รส,rot,r,o,t,False,rot4,rot3
รสชาติ,ชาติ,chat,ch,a,t,True,cʰaːt3,chaat2
โดย,โดย,doi,d,oi,,True,doːj1,dooj0
ซึ่ง,ซึ่ง,sueng,s,ue,ng,False,sɯŋ3,sUN2
อาหาร,อา,a,,a,,True,ʔaː1,?aa0
อาหาร,หาร,han,h,a,n,True,haːn5,haan4
เมนู,เม,me,m,e,,True,meː1,mee0
เมนู,นู,nu,n,u,,True,nuː1,nuu0
ผม,ผม,phom,ph,o,m,False,pʰom5,phom4
เพื่อ,เพื่อ,phuea,ph,uea,,True,pʰɯːa3,phUUa2
ทำ,ทำ,tham,th,a,m,False,tʰam1,tham0
อยาก,อยาก,yak,y,a,k,True,jaːk2,jaak1
ชอบ,ชอบ,chop,ch,o,p,True,cʰᴐːp3,chOOp2
ทั้ง,ทั้ง,thang,th,a,ng,False,tʰaŋ4,thaN3
ปี,ปี,pi,p,i,,True,piː1,pii0
เยอะ,เยอะ,yoe,y,oe,,False,jɤ4,j@3
ถึง,ถึง,thueng,th,ue,ng,False,tʰɯŋ5,thUN4
ดู,ดู,du,d,u,,True,duː1,duu0
เรื่อง,เรื่อง,rueang,r,uea,ng,True,rɯːaŋ3,rUUaN2
ทาง,ทาง,thang,th,a,ng,True,tʰaːŋ1,thaaN0
ลอง,ลอง,long,l,o,ng,True,lᴐːŋ1,lOON0
อะไร,อะ,a,,a,,False,ʔa2,?a1
อะไร,ไร,rai,r,ai,,False,raj1,raj0
ถูก,ถูก,thuk,th,u,k,True,tʰuːk2,thuuk1
เอา,เอา,ao,,ao,,False,ʔaw1,?aw0
ละ,ละ,la,l,a,,False,la4,la3
น้ำ,น้ำ,nam,n,a,m,True,naːm4,naam3
ต่อ,ต่อ,to,t,o,,True,tᴐː2,tOO1
ส่วน,ส่วน,suan,s,ua,n,True,suːan2,suuan1
เห็น,เห็น,hen,h,e,n,False,hen5,hen4
ตัว,ตัว,tua,t,ua,,True,tuːa1,tuua0
วันนี้,วัน,wan,w,a,n,False,wan1,wan0
วันนี้,นี้,ni,n,i,,True,niː4,nii3
ตาม,ตาม,tam,t,a,m,True,taːm1,taam0
เมื่อ,เมื่อ,muea,m,uea,,True,mɯːa3,mUUa2
นั้น,นั้น,nan,n,a,n,False,nan4,nan3
นี่,นี่,ni,n,i,,True,niː3,nii2
เนื้อ,เนื้อ,nuea,n,uea,,True,nɯːa4,nUUa3
ใหม่,ใหม่,mai,m,ai,,False,maj2,maj1
วัน,วัน,wan,w,a,n,False,wan1,wan0
รถ,รถ,rot,r,o,t,False,rot4,rot3
ก่อน,ก่อน,kon,k,o,n,True,kᴐːn2,kOOn1
ขอ,ขอ,kho,kh,o,,True,kʰᴐː5,khOO4
เลือก,เลือก,lueak,l,uea,k,True,lɯːak3,lUUak2
หมู,หมู,mu,m,u,,True,muː5,muu4
ความ,ความ,khwam,kh,wa,m,True,kʰwaːm1,khwaam0
เขา,เขา,khao,kh,ao,,False,kʰaw5,khaw4
สามารถ,สา,sa,s,a,,True,saː5,saa4
สามารถ,มารถ,mat,m,a,t,True,maːt3,maat2
สาขา,สา,sa,s,a,,True,saː5,saa4
สาขา,ขา,kha,kh,a,,True,kʰaː5,khaa4
นะคะ,นะ,na,n,a,,False,na4,na3
นะคะ,คะ,kha,kh,a,,False,kʰa4,kha3
ซื้อ,ซื้อ,sue,s,ue,,True,sɯː4,sUU3
เคย,เคย,khoei,kh,oei,,True,kʰɤːj1,kh@@j0
หลาย,หลาย,lai,l,ai,,True,laːj5,laaj4
จัด,จัด,chat,ch,a,t,False,cat2,cat1
ใคร,ใคร,khrai,khr,ai,,False,kʰraj1,khraj0
สำหรับ,สำ,sam,s,a,m,False,sam5,sam4
สำหรับ,หรับ,rap,r,a,p,False,rap2,rap1
ทำให้,ทำ,tham,th,a,m,False,tʰam1,tham0
ทำให้,ให้,hai,h,ai,,False,haj3,haj2
หน้า,หน้า,na,n,a,,True,naː3,naa2
คะ,คะ,kha,kh,a,,False,kʰa4,kha3
ออก,ออก,ok,,o,k,True,ʔᴐːk2,?OOk1
ขึ้น,ขึ้น,khuen,kh,ue,n,False,kʰɯn3,khUn2
ประเทศ,ประ,pra,pr,a,,False,pra2,pra1
ประเทศ,เทศ,thet,th,e,t,True,tʰeːt3,theet2
ทุก,ทุก,thuk,th,u,k,False,tʰuk4,thuk3
เหมือน,เหมือน,muean,m,uea,n,True,mɯːan5,mUUan4
พอ,พอ,pho,ph,o,,True,pʰᴐː1,phOO0
นั่ง,นั่ง,nang,n,a,ng,False,naŋ3,naN2
หน่อย,หน่อย,noi,n,oi,,True,nᴐːj2,nOOj1
คุณ,คุณ,khun,kh,u,n,False,kʰun1,khun0
ประชาชน,ประ,pra,pr,a,,False,pra2,pra1
ประชาชน,ชา,chac,ch,a,c,True,cʰaː1,chaa0
ประชาชน,ชน,hon,h,o,n,False,cʰon1,chon0
นาย,นาย,nai,n,ai,,True,naːj1,naaj0
เปิด,เปิด,poet,p,oe,t,True,pɤːt2,p@@t1
ไว้,ไว้,wai,w,ai,,False,waj4,waj3
ใหญ่,ใหญ่,yai,y,ai,,False,jaj2,jaj1
เบียร์,เบียร์,bia,b,ia,,True,biːa1,biia0
หวาน,หวาน,wan,w,a,n,True,waːn5,waan4
รอ,รอ,ro,r,o,,True,rᴐː1,rOO0
ขาย,ขาย,khai,kh,ai,,True,kʰaːj5,khaaj4
บริการ,บริ,bori,b,ori,,True,bᴐː1,bOO0'ri3
บริการ,การ,kan,k,a,n,True,ri4,kaan0
วันที่,วัน,wan,w,a,n,False,wan1,wan0
วันที่,ที่,thi,th,i,,True,tʰiː3,thii2
ผู้,ผู้,phu,ph,u,,True,pʰuː3,phuu2
ใช่,ใช่,chai,ch,ai,,False,cʰaj3,chaj2
แค่,แค่,khae,kh,ae,,True,kʰɛː3,khxx2
คิด,คิด,khit,kh,i,t,False,kʰit4,khit3
เข้า,เข้า,khao,kh,ao,,False,kʰaw3,khaw2
กก,กก,kok,k,o,k,False,kok2,kok1
หมด,หมด,mot,m,o,t,False,mot2,mot1
กลุ่ม,กลุ่ม,klum,kl,u,m,False,klum2,klum1
บอก,บอก,bok,b,o,k,True,bᴐːk2,bOOk1
จึง,จึง,chueng,ch,ue,ng,False,cɯŋ1,cUN0
รส,รส,rot,r,o,t,False,rot4,rot3
เวลา,เว,we,w,e,,True,weː1,wee0
เวลา,ลา,la,l,a,,True,laː1,laa0
พร้อม,พร้อม,phrom,phr,o,m,True,pʰrᴐːm4,phrOOm3
จน,จน,chon,ch,o,n,False,con1,con0
ใส่,ใส่,sai,s,ai,,False,saj2,saj1
จาน,จาน,chan,ch,a,n,True,caːn1,caan0
ที่จะ,ที่,thi,th,i,,True,tʰiː3,thii2
ที่จะ,จะ,cha,ch,a,,False,ca2,ca1
เอง,เอง,eng,,e,ng,True,ʔeːŋ1,?eeN0
เค้า,เค้า,khao,kh,ao,,False,kʰaw4,khaw3
ไหน,ไหน,nai,n,ai,,False,naj5,naj4
บ้าน,บ้าน,ban,b,a,n,True,baːn3,baan2
รัฐบาล,รัฐ,rattha,r,attha,,False,rat4,rat3'tha1
รัฐบาล,บาล,ban,b,a,n,True,tʰa2,baan0
แพง,แพง,phaeng,ph,ae,ng,True,pʰɛːŋ1,phxxN0
สุด,สุด,sut,s,u,t,False,sut2,sut1
จริงๆ,จริง,ching ching,ch,ing chi,ng,False,ciŋ1 ciŋ1,ciN0
จริงๆ,ๆ,,,,,False,,
งาน,งาน,ngan,ng,a,n,True,ŋaːn1,Naan0
ปลา,ปลา,pla,pl,a,,True,plaː1,plaa0
ผ่าน,ผ่าน,phan,ph,a,n,True,pʰaːn2,phaan1
รับ,รับ,rap,r,a,p,False,rap4,rap3
บรรยากาศ,บรร,ban,b,a,n,False,ban1,ban0
บรรยากาศ,ยา,ya,y,a,,True,jaː1,jaa0
บรรยากาศ,กาศ,kat,k,a,t,True,kaːt2,kaat1
ช้าง,ช้าง,chang,ch,a,ng,True,cʰaːŋ4,chaaN3
เดียว,เดียว,diao,d,iao,,True,diːaw1,diiaw0
รู้,รู้,ru,r,u,,True,ruː4,ruu3
แนะนำ,แนะ,nae,n,ae,,False,nɛ4,nx3
แนะนำ,นำ,nam,n,a,m,False,nam1,nam0
พนักงาน,พนัก,phanak,ph,ana,k,False,pʰa4,pha3'nak3
พนักงาน,งาน,ngan,ng,a,n,True,nak4,Naan0
หนึ่ง,หนึ่ง,nueng,n,ue,ng,False,nɯŋ2,nUN1
เพิ่ม,เพิ่ม,phoem,ph,oe,m,True,pʰɤːm3,ph@@m2
ลูกค้า,ลูก,luk,l,u,k,True,luːk3,luuk2
ลูกค้า,ค้า,kha,kh,a,,True,kʰaː4,khaa3
โต๊ะ,โต๊ะ,to,t,o,,False,to4,to3
นาน,นาน,nan,n,a,n,True,naːn1,naan0
หา,หา,ha,h,a,,True,haː5,haa4
พื้นที่,พื้น,phuen,ph,ue,n,True,pʰɯːn4,phUUn3
พื้นที่,ที่,thi,th,i,,True,tʰiː3,thii2
ลง,ลง,long,l,o,ng,False,loŋ1,loN0
ด้าน,ด้าน,dan,d,a,n,True,daːn3,daan2
นุ่ม,นุ่ม,num,n,u,m,False,num3,num2
ได้รับ,ได้,dai,d,ai,,True,daːj3,daaj2
ได้รับ,รับ,rap,r,a,p,False,rap4,rap3
พี่,พี่,phi,ph,i,,True,pʰiː3,phii2
ช่วย,ช่วย,chuai,ch,uai,,True,cʰuːaj3,chuuaj2
แม่,แม่,mae,m,ae,,True,mɛː3,mxx2
สวย,สวย,suai,s,uai,,True,suːaj5,suuaj4
เกิด,เกิด,koet,k,oe,t,True,kɤːt2,k@@t1
ติด,ติด,tit,t,i,t,False,tit2,tit1
น้อย,น้อย,noi,n,oi,,True,nᴐːj4,nOOj3
เพื่อน,เพื่อน,phuean,ph,uea,n,True,pʰɯːan3,phUUan2
ช่วง,ช่วง,chuang,ch,ua,ng,True,cʰuːaŋ3,chuuaN2
ตั้งแต่,ตั้ง,tang,t,a,ng,False,taŋ3,taN2
ตั้งแต่,แต่,tae,t,ae,,True,tɛː2,txx1
บ้าง,บ้าง,bang,b,a,ng,True,baːŋ3,baaN2
หาก,หาก,hak,h,a,k,True,haːk2,haak1
หอม,หอม,hom,h,o,m,True,hᴐːm5,hOOm4
กรอบ,กรอบ,krop,kr,o,p,True,krᴐːp2,krOOp1
พวก,พวก,phuak,ph,ua,k,True,pʰuːak3,phuuak2
เล็ก,เล็ก,lek,l,e,k,False,lek4,lek3
รัฐ,รัฐ,rat,r,a,t,False,rat4,rat3
ชิ้น,ชิ้น,chin,ch,i,n,False,cʰin4,chin3
กุ้ง,กุ้ง,kung,k,u,ng,False,kuŋ3,kuN2
เจอ,เจอ,choe,ch,oe,,True,cɤː1,c@@0
ข้าว,ข้าว,khao,kh,ao,,True,kʰaːw3,khaaw2
คง,คง,khong,kh,o,ng,False,kʰoŋ1,khoN0
บาง,บาง,bang,b,a,ng,True,baːŋ1,baaN0
ทอด,ทอด,thot,th,o,t,True,tʰᴐːt3,thOOt2
ต่างๆ,ต่าง,tang tang,t,ang ta,ng,True,taːŋ2 taːŋ2,taaN1
ต่างๆ,ๆ,,,,,False,,
สร้าง,สร้าง,sang,s,a,ng,True,saːŋ3,saaN2
สด,สด,sot,s,o,t,False,sot2,sot1
กู,กู,ku,k,u,,True,kuː1,kuu0
เดือน,เดือน,duean,d,uea,n,True,dɯːan1,dUUan0
สังคม,สัง,sang,s,a,ng,False,saŋ5,saN4
สังคม,คม,khom,kh,o,m,False,kʰom1,khom0
ไม่ค่อย,ไม่,mai,m,ai,,False,maj3,maj2
ไม่ค่อย,ค่อย,khoi,kh,oi,,True,kʰᴐːj3,khOOj2
บอ,บอ,bo,b,o,,True,bᴐː1,bOO0
ที่นี่,ที่,thi,th,i,,True,tʰiː3,thii2
ที่นี่,นี่,ni,n,i,,True,niː3,nii2
นำ,นำ,nam,n,a,m,False,nam1,nam0
ร่วม,ร่วม,ruam,r,ua,m,True,ruːam3,ruuam2
เย็น,เย็น,yen,y,e,n,False,jen1,jen0
พบ,พบ,phop,ph,o,p,False,pʰop4,phop3
ไหม,ไหม,mai,m,ai,,False,maj5,maj4
ที่สุด,ที่,thi,th,i,,True,tʰiː3,thii2
ที่สุด,สุด,sut,s,u,t,False,sut2,sut1
สี,สี,si,s,i,,True,siː5,sii4
ระบบ,ระ,ra,r,a,,False,ra4,ra3
ระบบ,บบ,bop,b,o,p,False,bop2,bop1
ชุด,ชุด,chut,ch,u,t,False,cʰut4,chut3
เดิน,เดิน,doen,d,oe,n,True,dɤːn1,d@@n0
ก้อน,ก้อน,kon,k,o,n,True,kᴐːn3,kOOn2
ประมาณ,ประ,pra,pr,a,,False,pra2,pra1
ประมาณ,มาณ,man,m,a,n,True,maːn1,maan0
ลด,ลด,lot,l,o,t,False,lot4,lot3
น่า,น่า,na,n,a,,True,naː3,naa2
ควร,ควร,khuan,kh,ua,n,True,kʰuːan1,khuuan0
รวม,รวม,ruam,r,ua,m,True,ruːam1,ruuam0
อาจ,อาจ,at,,a,t,True,ʔaːt2,?aat1
บัตร,บัตร,bat,b,a,t,False,bat2,bat1
ซุป,ซุป,sup,s,u,p,False,sup4,sup3
ชั้น,ชั้น,chan,ch,a,n,False,cʰan4,chan3
แรก,แรก,raek,r,ae,k,True,rɛːk3,rxxk2
ส่ง,ส่ง,song,s,o,ng,False,soŋ2,soN1
เช่น,เช่น,chen,ch,e,n,True,cʰeːn3,cheen2
สิทธิ,สิท,sit,s,i,t,False,sit2,sit1
สิทธิ,ธิ,thi,th,i,,False,tʰi4,thi3
อื่น,อื่น,uen,,ue,n,True,ʔɯːn2,?UUn1
อะ,อะ,a,,a,,False,ʔa2,?a1
ตอน,ตอน,ton,t,o,n,True,tᴐːn1,tOOn0
ถือว่า,ถือ,thue,th,ue,,True,tʰɯː5,thUU4
ถือว่า,ว่า,wa,w,a,,True,waː3,waa2
กลับ,กลับ,klap,kl,a,p,False,klap2,klap1
เข้ามา,เข้า,khao,kh,ao,,False,kʰaw3,khaw2
เข้ามา,มา,ma,m,a,,True,maː1,maa0
ค่า,ค่า,kha,kh,a,,True,kʰaː3,khaa2
ออกมา,ออก,ok,,o,k,True,ʔᴐːk2,?OOk1
ออกมา,มา,ma,m,a,,True,maː1,maa0
หลัง,หลัง,lang,l,a,ng,False,laŋ5,laN4
ฟรี,ฟรี,fri,fr,i,,True,friː1,frii0
แป้ง,แป้ง,paeng,p,ae,ng,True,pɛːŋ3,pxxN2
ตรง,ตรง,trong,tr,o,ng,False,troŋ1,troN0
ขนาด,ขนาด,khanat,kh,ana,t,True,kʰa2,kha1'naat1
สอง,สอง,song,s,o,ng,True,sᴐːŋ5,sOON4
ร้อน,ร้อน,ron,r,o,n,True,rᴐːn4,rOOn3
เข้าไป,เข้า,khao,kh,ao,,False,kʰaw3,khaw2
เข้าไป,ไป,pai,p,ai,,False,paj1,paj0
อย่า,อย่า,ya,y,a,,True,jaː2,jaa1
แบบนี้,แบบ,baep,b,ae,p,True,bɛːp2,bxxp1
แบบนี้,นี้,ni,n,i,,True,niː4,nii3
โอเค,โอ,o,,o,,True,ʔoː1,?oo0
โอเค,เค,khe,kh,e,,True,kʰeː1,khee0
ตอนนี้,ตอน,ton,t,o,n,True,tᴐːn1,tOOn0
ตอนนี้,นี้,ni,n,i,,True,niː4,nii3
ไก่,ไก่,kai,k,ai,,False,kaj2,kaj1
อี,อี,i,,i,,True,ʔiː1,?ii0
มากกว่า,มาก,mak,m,a,k,True,maːk3,maak2
มากกว่า,กว่า,kwa,k,wa,,True,kwaː2,kwaa1
อาจจะ,อาจ,at,,a,t,True,ʔaːt2,?aat1
อาจจะ,จะ,cha,ch,a,,False,ca2,ca1
จังหวัด,จัง,chang,ch,a,ng,False,caŋ1,caN0
จังหวัด,หวัด,wat,w,a,t,False,wat2,wat1
แห่ง,แห่ง,haeng,h,ae,ng,True,hɛːŋ2,hxxN1
ทำไม,ทำ,tham,th,a,m,False,tʰam1,tham0
ทำไม,ไม,mai,m,ai,,False,maj1,maj0
ปัญหา,ปัญ,pan,p,a,n,False,pan1,pan0
ปัญหา,หา,ha,h,a,,True,haː5,haa4
บน,บน,bon,b,o,n,False,bon1,bon0
รู้สึก,รู้,ru,r,u,,True,ruː4,ruu3
รู้สึก,สึก,suek,s,ue,k,False,sɯk2,sUk1
เท่านั้น,เท่า,thao,th,ao,,False,tʰaw3,thaw2
เท่านั้น,นั้น,nan,n,a,n,False,nan4,nan3
จริง,จริง,ching,ch,i,ng,False,ciŋ1,ciN0
น่าจะ,น่า,na,n,a,,True,naː3,naa2
น่าจะ,จะ,cha,ch,a,,False,ca2,ca1
ระหว่าง,ระ,ra,r,a,,False,ra4,ra3
ระหว่าง,หว่าง,wang,w,a,ng,True,waːŋ2,waaN1
ดังกล่าว,ดัง,dang,d,a,ng,False,daŋ1,daN0
ดังกล่าว,กล่าว,klao,kl,ao,,True,klaːw2,klaaw1
พา,พา,pha,ph,a,,True,pʰaː1,phaa0
รอบ,รอบ,rop,r,o,p,True,rᴐːp3,rOOp2
เมือง,เมือง,mueang,m,uea,ng,True,mɯːaŋ1,mUUaN0
แวะ,แวะ,wae,w,ae,,False,wɛ4,wx3
เงิน,เงิน,ngoen,ng,oe,n,False,ŋɤn1,N@n0
คับ,คับ,khap,kh,a,p,False,kʰap4,khap3
ผัด,ผัด,phat,ph,a,t,False,pʰat2,phat1
ใช้ได้,ใช้,chai,ch,ai,,False,cʰaj4,chaj3
ใช้ได้,ได้,dai,d,ai,,True,daːj3,daaj2
เริ่ม,เริ่ม,roem,r,oe,m,True,rɤːm3,r@@m2
ไม่ต้อง,ไม่,mai,m,ai,,False,maj3,maj2
ไม่ต้อง,ต้อง,tong,t,o,ng,True,tᴐːŋ3,tOON2
กำลัง,กำ,kam,k,a,m,False,kam1,kam0
กำลัง,ลัง,lang,l,a,ng,False,laŋ1,laN0
เพียง,เพียง,phiang,ph,ia,ng,True,pʰiːaŋ1,phiiaN0
เด็ก,เด็ก,dek,d,e,k,False,dek2,dek1
ก็ได้,ก็,ko,k,o,,True,kᴐː3,kOO2
ก็ได้,ได้,dai,d,ai,,True,daːj3,daaj2
ชา,ชา,cha,ch,a,,True,cʰaː1,chaa0
สิ่ง,สิ่ง,sing,s,i,ng,False,siŋ2,siN1
เรียก,เรียก,riak,r,ia,k,True,riːak3,riiak2
กรณี,กร,kora,k,ora,,True,kᴐː1,kOO0'ra3
กรณี,ณี,ni,n,i,,True,ra4,nii0
ถาม,ถาม,tham,th,a,m,True,tʰaːm5,thaam4
ล้าน,ล้าน,lan,l,a,n,True,laːn4,laan3
ขวด,ขวด,khuat,kh,ua,t,True,kʰuːat2,khuuat1
ข้อมูล,ข้อ,kho,kh,o,,True,kʰᴐː3,khOO2
ข้อมูล,มูล,mun,m,u,n,True,muːn1,muun0
มั้ย,มั้ย,mai,m,ai,,True,maːj4,maaj3
กฎหมาย,กฎ,kot,k,o,t,False,kot2,kot1
กฎหมาย,หมาย,mai,m,ai,,True,maːj5,maaj4
ย่าง,ย่าง,yang,y,a,ng,True,jaːŋ3,jaaN2
เต็ม,เต็ม,tem,t,e,m,False,tem1,tem0
ปกติ,ปก,pokka,p,okka,,False,pok2,pok1'ka1
ปกติ,ติ,ti,t,i,,False,ka2,ti1
ผิว,ผิว,phio,ph,io,,False,pʰiw5,phiw4
ยา,ยา,ya,y,a,,True,jaː1,jaa0
ขับ,ขับ,khap,kh,a,p,False,kʰap2,khap1
เครื่อง,เครื่อง,khrueang,khr,uea,ng,True,kʰrɯːaŋ3,khrUUaN2
สูง,สูง,sung,s,u,ng,True,suːŋ5,suuN4
น้อง,น้อง,nong,n,o,ng,True,nᴐːŋ4,nOON3
เส้น,เส้น,sen,s,e,n,True,seːn3,seen2
ริ,ริ,ri,r,i,,False,ri4,ri3
ชิม,ชิม,chim,ch,i,m,False,cʰim1,chim0
คำ,คำ,kham,kh,a,m,False,kʰam1,kham0
สบาย,สบาย,sabai,s,abai,,True,sa2,sa1'baaj0
แรงงาน,แรง,raeng,r,ae,ng,True,rɛːŋ1,rxxN0
แรงงาน,งาน,ngan,ng,a,n,True,ŋaːn1,Naan0
ยังมี,ยัง,yang,y,a,ng,False,jaŋ1,jaN0
ยังมี,มี,mi,m,i,,True,miː1,mii0
มาจาก,มา,ma,m,a,,True,maː1,maa0
มาจาก,จาก,chak,ch,a,k,True,caːk2,caak1
ค่อนข้าง,ค่อน,khon,kh,o,n,True,kʰᴐːn3,khOOn2
ค่อนข้าง,ข้าง,khang,kh,a,ng,True,kʰaːŋ3,khaaN2
แถม,แถม,thaem,th,ae,m,True,tʰɛːm5,thxxm4
จำนวน,จำ,cham,ch,a,m,False,cam1,cam0
จำนวน,นวน,nuan,n,ua,n,True,nuːan1,nuuan0
กาแฟ,กา,ka,k,a,,True,kaː1,kaa0
กาแฟ,แฟ,fae,f,ae,,True,fɛː1,fxx0
พิเศษ,พิ,phi,ph,i,,False,pʰi4,phi3
พิเศษ,เศษ,set,s,e,t,True,seːt2,seet1
ท่าน,ท่าน,than,th,a,n,False,tʰan3,than2
ดีกว่า,ดี,di,d,i,,True,diː1,dii0
ดีกว่า,กว่า,kwa,k,wa,,True,kwaː2,kwaa1
ชื่อ,ชื่อ,chue,ch,ue,,True,cʰɯː3,chUU2
ญี่ปุ่น,ญี่,yi,y,i,,True,jiː3,jii2
ญี่ปุ่น,ปุ่น,pun,p,u,n,False,pun2,pun1
บริษัท,บริ,bori,b,ori,,True,bᴐː1,bOO0'ri3
บริษัท,ษัท,sat,s,a,t,False,ri4,sat1
น้ำจิ้ม,น้ำ,nam,n,a,m,True,naːm4,naam3
น้ำจิ้ม,จิ้ม,chim,ch,i,m,False,cim3,cim2
ภายใน,ภาย,phai,ph,ai,,True,pʰaːj1,phaaj0
ภายใน,ใน,nai,n,ai,,False,naj1,naj0
รุ่น,รุ่น,run,r,u,n,False,run3,run2
ครั้ง,ครั้ง,khrang,khr,a,ng,False,kʰraŋ4,khraN3
สำคัญ,สำ,sam,s,a,m,False,sam5,sam4
สำคัญ,คัญ,khan,kh,a,n,False,kʰan1,khan0
รักษา,รัก,rak,r,a,k,False,rak4,rak3
รักษา,ษา,sa,s,a,,True,saː5,saa4
ถนน,ถนน,thanon,th,ano,n,False,tʰa2,tha1'non4
เค้ก,เค้ก,khek,kh,e,k,True,kʰeːk4,kheek3
ผัก,ผัก,phak,ph,a,k,False,pʰak2,phak1
ก๋วยเตี๋ยว,ก๋วย,kuai,k,uai,,True,kuːaj5,kuuaj4
ก๋วยเตี๋ยว,เตี๋ยว,tiao,t,iao,,True,tiːaw5,tiiaw4
โครงการ,โครง,khrong,khr,o,ng,True,kʰroːŋ1,khrooN0
โครงการ,การ,kan,k,a,n,True,kaːn1,kaan0
เครื่องดื่ม,เครื่อง,khrueang,khr,uea,ng,True,kʰrɯːaŋ3,khrUUaN2
เครื่องดื่ม,ดื่ม,duem,d,ue,m,True,dɯːm2,dUUm1
แดง,แดง,daeng,d,ae,ng,True,dɛːŋ1,dxxN0
เท่าไหร่,เท่า,thao,th,ao,,False,tʰaw3,thaw2
เท่าไหร่,ไหร่,rai,r,ai,,False,raj2,raj1
กล่าว,กล่าว,klao,kl,ao,,True,klaːw2,klaaw1
เล่น,เล่น,len,l,e,n,True,leːn3,leen2
โดน,โดน,don,d,o,n,True,doːn1,doon0
เนื่องจาก,เนื่อง,nueang,n,uea,ng,True,nɯːaŋ3,nUUaN2
เนื่องจาก,จาก,chak,ch,a,k,True,caːk2,caak1
ยาก,ยาก,yak,y,a,k,True,jaːk3,jaak2
ตั้ง,ตั้ง,tang,t,a,ng,False,taŋ3,taN2
แก้ว,แก้ว,kaeo,k,aeo,,True,kɛːw3,kxxw2
เป็นการ,เป็น,pen,p,e,n,False,pen1,pen0
เป็นการ,การ,kan,k,a,n,True,kaːn1,kaan0
ระดับ,ระ,ra,r,a,,False,ra4,ra3
ระดับ,ดับ,dap,d,a,p,False,dap2,dap1
อัน,อัน,an,,a,n,False,ʔan1,?an0
ตลอด,ตลอด,talot,t,alo,t,True,ta2,ta1'lOOt1
สุขภาพ,สุข,sukkha,s,ukkha,,False,suk2,suk1'kha1
สุขภาพ,ภาพ,phap,ph,a,p,True,kʰa2,phaap2
งง,งง,ngong,ng,o,ng,False,ŋoŋ1,NoN0
ออ,ออ,o,,o,,True,ʔᴐː1,?OO0
พูด,พูด,phut,ph,u,t,True,pʰuːt3,phuut2
นึง,นึง,nueng,n,ue,ng,False,nɯŋ1,nUN0
รา,รา,ra,r,a,,True,raː1,raa0
ที่ผ่านมา,ที่,thi,th,i,,True,tʰiː3,thii2
ที่ผ่านมา,ผ่าน,phan,ph,a,n,True,pʰaːn2,phaan1
ที่ผ่านมา,มา,ma,m,a,,True,maː1,maa0
อื่นๆ,อื่น,uen uen,,uen ue,n,True,ʔɯːn2 ʔɯːn2,?UUn1
อื่นๆ,ๆ,,,,,False,,
จ้า,จ้า,cha,ch,a,,True,caː3,caa2
คัน,คัน,khan,kh,a,n,False,kʰan1,khan0
เกิดขึ้น,เกิด,koet,k,oe,t,True,kɤːt2,k@@t1
เกิดขึ้น,ขึ้น,khuen,kh,ue,n,False,kʰɯn3,khUn2
เกิน,เกิน,koen,k,oe,n,True,kɤːn1,k@@n0
เปลี่ยน,เปลี่ยน,plian,pl,ia,n,True,pliːan2,pliian1
ซอส,ซอส,sot,s,o,t,True,sᴐːt3,sOOt2
แล้วก็,แล้ว,laeo,l,aeo,,True,lɛːw4,lxxw3
แล้วก็,ก็,ko,k,o,,True,kᴐː3,kOO2
ยิ่ง,ยิ่ง,ying,y,i,ng,False,jiŋ3,jiN2
ต่อไป,ต่อ,to,t,o,,True,tᴐː2,tOO1
ต่อไป,ไป,pai,p,ai,,False,paj1,paj0
ที,ที,thi,th,i,,True,tʰiː1,thii0
รี,รี,ri,r,i,,True,riː1,rii0
นิ,นิ,ni,n,i,,False,ni4,ni3
หรือไม่,หรือ,rue,r,ue,,True,rɯː5,rUU4
หรือไม่,ไม่,mai,m,ai,,False,maj3,maj2
ตัวเอง,ตัว,tua,t,ua,,True,tuːa1,tuua0
ตัวเอง,เอง,-eng,-,e,ng,True,ʔeːŋ1,?eeN0
เผ็ด,เผ็ด,phet,ph,e,t,False,pʰet2,phet1
เค,เค,khe,kh,e,,True,kʰeː1,khee0
ที่มา,ที่,thi,th,i,,True,tʰiː3,thii2
ที่มา,มา,ma,m,a,,True,maː1,maa0
กะ,กะ,ka,k,a,,False,ka2,ka1
เหมือนกัน,เหมือน,muean,m,uea,n,True,mɯːan5,mUUan4
เหมือนกัน,กัน,kan,k,a,n,False,kan1,kan0
ซี,ซี,si,s,i,,True,siː1,sii0
ทำงาน,ทำ,tham,th,a,m,False,tʰam1,tham0
ทำงาน,งาน,ngan,ng,a,n,True,ŋaːn1,Naan0
มึง,มึง,mueng,m,ue,ng,False,mɯŋ1,mUN0
ง่าย,ง่าย,ngai,ng,ai,,True,ŋaːj3,Naaj2
ชุมนุม,ชุม,chumnu,ch,umnu,,False,cʰum1,chum0
ชุมนุม,นุม,m,m,,m,False,num1,num0
นิสสัน,นิ,ni,n,i,,False,ni4,ni3
นิสสัน,สสัน,sasan,s,asa,n,False,sa2,sa1'san4
ร้านอาหาร,ร้าน,ran,r,a,n,True,raːn4,raan3
ร้านอาหาร,อา,-a,-,a,,True,ʔaː1,?aa0
ร้านอาหาร,หาร,han,h,a,n,True,haːn5,haan4
ใกล้,ใกล้,klai,kl,ai,,False,klaj3,klaj2
จ่าย,จ่าย,chai,ch,ai,,True,caːj2,caaj1
ก้อ,ก้อ,ko,k,o,,True,kᴐː3,kOO2
ซอย,ซอย,soi,s,oi,,True,sᴐːj1,sOOj0
ทหาร,ทหาร,thahan,th,aha,n,True,tʰa4,tha3'haan4
อันนี้,อัน,an,,a,n,False,ʔan1,?an0
อันนี้,นี้,ni,n,i,,True,niː4,nii3
เข้มข้น,เข้ม,khem,kh,e,m,True,kʰeːm3,kheem2
เข้มข้น,ข้น,khon,kh,o,n,False,kʰon3,khon2
ฝ่าย,ฝ่าย,fai,f,ai,,True,faːj2,faaj1
ภาพ,ภาพ,phap,ph,a,p,True,pʰaːp3,phaap2
กลิ่น,กลิ่น,klin,kl,i,n,False,klin2,klin1
ประชาธิปไตย,ประ,pra,pr,a,,False,pra2,pra1
ประชาธิปไตย,ชา,chat,ch,a,t,True,cʰaː1,chaa0
ประชาธิปไตย,ธิป,hippa,h,ippa,,False,tʰip4,thip3'pa1
ประชาธิปไตย,ไตย,tai,t,ai,,False,pa2,taj0
รัฐธรรมนูญ,รัฐ,rattha,r,attha,,False,rat4,rat3'tha1
รัฐธรรมนูญ,ธรรม,thamma,th,amma,,False,tʰa2,tham0'ma3
รัฐธรรมนูญ,นูญ,nun,n,u,n,True,tʰam1,nuun0
ชาวบ้าน,ชาว,chaoba,ch,aoba,,True,cʰaːw1,chaaw0
ชาวบ้าน,บ้าน,n,n,,n,True,baːn3,baan2
จอด,จอด,chot,ch,o,t,True,cᴐːt2,cOOt1
เดิม,เดิม,doem,d,oe,m,True,dɤːm1,d@@m0
ไข่,ไข่,khai,kh,ai,,False,kʰaj2,khaj1
โลก,โลก,lok,l,o,k,True,loːk3,look2
ชีส,ชีส,chit,ch,i,t,True,cʰiːt3,chiit2
ทั้งหมด,ทั้ง,thang,th,a,ng,False,tʰaŋ4,thaN3
ทั้งหมด,หมด,mot,m,o,t,False,mot2,mot1
แน่นอน,แน่,nae,n,ae,,True,nɛː3,nxx2
แน่นอน,นอน,non,n,o,n,True,nᴐːn1,nOOn0
ครีม,ครีม,khrim,khr,i,m,True,kʰriːm1,khriim0
โรงพยาบาล,โรง,rong,r,o,ng,True,roːŋ1,rooN0
โรงพยาบาล,พยา,phaya,ph,aya,,True,pʰa4,pha3'jaa0
โรงพยาบาล,บาล,ban,b,a,n,True,jaː1,baan0
สรุป,สรุป,sarup,s,aru,p,False,sa2,sa1'rup1
รีวิว,รี,ri,r,i,,True,riː1,rii0
รีวิว,วิว,wio,w,io,,False,wiw1,wiw0
ล่ะ,ล่ะ,la,l,a,,False,la3,la2
การเมือง,การ,kan,k,a,n,True,kaːn1,kaan0
การเมือง,เมือง,mueang,m,uea,ng,True,mɯːaŋ1,mUUaN0
ใบ,ใบ,bai,b,ai,,False,baj1,baj0
นัก,นัก,nak,n,a,k,False,nak4,nak3
ดีมาก,ดี,di,d,i,,True,diː1,dii0
ดีมาก,มาก,mak,m,a,k,True,maːk3,maak2
แจ้ง,แจ้ง,chaeng,ch,ae,ng,True,cɛːŋ3,cxxN2
ปู,ปู,pu,p,u,,True,puː1,puu0
หลากหลาย,หลาก,lak,l,a,k,True,laːk2,laak1
หลากหลาย,หลาย,lai,l,ai,,True,laːj5,laaj4
แถว,แถว,thaeo,th,aeo,,True,tʰɛːw5,thxxw4
สิงห์,สิงห์,sing,s,i,ng,False,siŋ5,siN4
ราด,ราด,rat,r,a,t,True,raːt3,raat2
ระบุ,ระ,ra,r,a,,False,ra4,ra3
ระบุ,บุ,bu,b,u,,False,bu2,bu1
ดูแล,ดู,du,d,u,,True,duː1,duu0
ดูแล,แล,lae,l,ae,,True,lɛː1,lxx0
คุณภาพ,คุณ,khunna,kh,unna,,False,kʰun1,khun0'na3
คุณภาพ,ภาพ,phap,ph,a,p,True,na4,phaap2
พรรค,พรรค,phak,ph,a,k,False,pʰak4,phak3
เจ้าหน้าที่,เจ้า,chao,ch,ao,,True,caːw3,caaw2
เจ้าหน้าที่,หน้า,na,n,a,,True,naː3,naa2
เจ้าหน้าที่,ที่,thi,th,i,,True,tʰiː3,thii2
แดก,แดก,daek,d,ae,k,True,dɛːk2,dxxk1
กา,กา,ka,k,a,,True,kaː1,kaa0
ข่าว,ข่าว,khao,kh,ao,,True,kʰaːw2,khaaw1
เดินทาง,เดิน,doen,d,oe,n,True,dɤːn1,d@@n0
เดินทาง,ทาง,thang,th,a,ng,True,tʰaːŋ1,thaaN0
เท,เท,the,th,e,,True,tʰeː1,thee0
กล่าวว่า,กล่าว,klao,kl,ao,,True,klaːw2,klaaw1
กล่าวว่า,ว่า,wa,w,a,,True,waː3,waa2
ลูก,ลูก,luk,l,u,k,True,luːk3,luuk2
พอดี,พอ,pho,ph,o,,True,pʰᴐː1,phOO0
พอดี,ดี,di,d,i,,True,diː1,dii0
ทุกคน,ทุก,thuk,th,u,k,False,tʰuk4,thuk3
ทุกคน,คน,khon,kh,o,n,False,kʰon1,khon0
ศูนย์,ศูนย์,sun,s,u,n,True,suːn5,suun4
อย่างไร,อย่าง,yang,y,a,ng,True,jaːŋ2,jaaN1
อย่างไร,ไร,rai,r,ai,,False,raj1,raj0
ที่นั่ง,ที่,thi,th,i,,True,tʰiː3,thii2
ที่นั่ง,นั่ง,nang,n,a,ng,False,naŋ3,naN2
ธรรมดา,ธรรม,thamma,th,amma,,False,tʰam1,tham0'ma3
ธรรมดา,ดา,da,d,a,,True,ma4,daa0
ชุมชน,ชุม,chumc,ch,um,c,False,cʰum1,chum0
ชุมชน,ชน,hon,h,o,n,False,cʰon1,chon0
รายงาน,ราย,rai,r,ai,,True,raːj1,raaj0
รายงาน,งาน,ngan,ng,a,n,True,ŋaːn1,Naan0
บุหรี่,บุ,bu,b,u,,False,bu2,bu1
บุหรี่,หรี่,ri,r,i,,True,riː2,rii1
สิ,สิ,si,s,i,,False,si2,si1
เสีย,เสีย,sia,s,ia,,True,siːa5,siia4
รัก,รัก,rak,r,a,k,False,rak4,rak3
ภาค,ภาค,phak,ph,a,k,True,pʰaːk3,phaak2
คุ้ม,คุ้ม,khum,kh,u,m,False,kʰum4,khum3
อ่าน,อ่าน,an,,a,n,True,ʔaːn2,?aan1
ทอง,ทอง,thong,th,o,ng,True,tʰᴐːŋ1,thOON0
เหลือ,เหลือ,luea,l,uea,,True,lɯːa5,lUUa4
รายการ,ราย,rai,r,ai,,True,raːj1,raaj0
รายการ,การ,kan,k,a,n,True,kaːn1,kaan0
ผ้าอนามัย,ผ้า,pha,ph,a,,True,pʰaː3,phaa2
ผ้าอนามัย,อนา,-ana,-,ana,,True,ʔa2,?a1'naa0
ผ้าอนามัย,มัย,mai,m,ai,,True,naː1,maj0
แก่,แก่,kae,k,ae,,True,kɛː2,kxx1
อิ่ม,อิ่ม,im,,i,m,False,ʔim2,?im1
คณะกรรมการ,คณะ,khana,kh,ana,,False,kʰa4,kha3'na3
คณะกรรมการ,กรรม,kamma,k,amma,,False,na4,kam0'ma3
คณะกรรมการ,การ,kan,k,a,n,True,kam1,kaan0
ส่วนตัว,ส่วน,suan,s,ua,n,True,suːan2,suuan1
ส่วนตัว,ตัว,tua,t,ua,,True,tuːa1,tuua0
คดี,คดี,khadi,kh,adi,,True,kʰa4,kha3'dii0
ประกาศ,ประ,pra,pr,a,,False,pra2,pra1
ประกาศ,กาศ,kat,k,a,t,True,kaːt2,kaat1
โดยรวม,โดย,doi,d,oi,,True,doːj1,dooj0
โดยรวม,รวม,ruam,r,ua,m,True,ruːam1,ruuam0
ได้ที่,ได้,dai,d,ai,,True,daːj3,daaj2
ได้ที่,ที่,thi,th,i,,True,tʰiː3,thii2
นโยบาย,นโย,nayo,n,ayo,,True,na4,na3'joo0
นโยบาย,บาย,bai,b,ai,,True,joː1,baaj0
มากมาย,มาก,mak,m,a,k,True,maːk3,maak2
มากมาย,มาย,mai,m,ai,,True,maːj1,maaj0
ตรวจสอบ,ตรวจ,truat,tr,ua,t,True,truːat2,truuat1
ตรวจสอบ,สอบ,sop,s,o,p,True,sᴐːp2,sOOp1
อำนาจ,อำ,am,,a,m,False,ʔam1,?am0
อำนาจ,นาจ,nat,n,a,t,True,naːt3,naat2
ทุกอย่าง,ทุก,thuk,th,u,k,False,tʰuk4,thuk3
ทุกอย่าง,อย่าง,yang,y,a,ng,True,jaːŋ2,jaaN1
ปิด,ปิด,pit,p,i,t,False,pit2,pit1
ลืม,ลืม,luem,l,ue,m,True,lɯːm1,lUUm0
มิ,มิ,mi,m,i,,False,mi4,mi3
น่ารัก,น่า,na,n,a,,True,naː3,naa2
น่ารัก,รัก,rak,r,a,k,False,rak4,rak3
ทราบ,ทราบ,sap,s,a,p,True,saːp3,saap2
เป็ด,เป็ด,pet,p,e,t,False,pet2,pet1
ไฟฟ้า,ไฟ,fai,f,ai,,False,faj1,faj0
ไฟฟ้า,ฟ้า,fa,f,a,,True,faː4,faa3
รายละเอียด,ราย,rai,r,ai,,True,raːj1,raaj0
รายละเอียด,ละ,la,l,a,,False,la4,la3
รายละเอียด,เอียด,-iat,-,ia,t,True,ʔiːat2,?iiat1
เร็ว,เร็ว,reo,r,eo,,False,rew1,rew0
แรง,แรง,raeng,r,ae,ng,True,rɛːŋ1,rxxN0
ต้องการ,ต้อง,tong,t,o,ng,True,tᴐːŋ3,tOON2
ต้องการ,การ,kan,k,a,n,True,kaːn1,kaan0
กลับมา,กลับ,klap,kl,a,p,False,klap2,klap1
กลับมา,มา,ma,m,a,,True,maː1,maa0
หอย,หอย,hoi,h,oi,,True,hᴐːj5,hOOj4
ประเด็น,ประ,pra,pr,a,,False,pra2,pra1
ประเด็น,เด็น,den,d,e,n,False,den1,den0
หลัก,หลัก,lak,l,a,k,False,lak2,lak1
ตกแต่ง,ตก,tok,t,o,k,False,tok2,tok1
ตกแต่ง,แต่ง,taeng,t,ae,ng,True,tɛːŋ2,txxN1
ยังไง,ยัง,yang,y,a,ng,False,jaŋ1,jaN0
ยังไง,ไง,ngai,ng,ai,,False,ŋaj1,Naj0
เกี่ยวกับ,เกี่ยว,kiao,k,iao,,True,kiːaw2,kiiaw1
เกี่ยวกับ,กับ,kap,k,a,p,False,kap2,kap1
เม,เม,me,m,e,,True,meː1,mee0
โปร,โปร,pro,pr,o,,True,proː1,proo0
มาตรา,มาตรา,mattra,m,attra,,True,maːt3,maat2'traa0
ไง,ไง,ngai,ng,ai,,False,ŋaj1,Naj0
ทีเดียว,ที,thi,th,i,,True,tʰiː1,thii0
ทีเดียว,เดียว,diao,d,iao,,True,diːaw1,diiaw0
เพิ่มเติม,เพิ่ม,phoem,ph,oe,m,True,pʰɤːm3,ph@@m2
เพิ่มเติม,เติม,toem,t,oe,m,True,tɤːm1,t@@m0
เจ้า,เจ้า,chao,ch,ao,,True,caːw3,caaw2
กี่,กี่,ki,k,i,,True,kiː2,kii1
มอง,มอง,mong,m,o,ng,True,mᴐːŋ1,mOON0
ดำ,ดำ,dam,d,a,m,False,dam1,dam0
ราย,ราย,rai,r,ai,,True,raːj1,raaj0
หาย,หาย,hai,h,ai,,True,haːj5,haaj4
ขนม,ขนม,khanom,kh,ano,m,False,kʰa2,kha1'nom4
ดื่ม,ดื่ม,duem,d,ue,m,True,dɯːm2,dUUm1
เน้น,เน้น,nen,n,e,n,True,neːn4,neen3
ห้อง,ห้อง,hong,h,o,ng,True,hᴐːŋ3,hOON2
ยำ,ยำ,yam,y,a,m,False,jam1,jam0
พัฒนา,พัฒ,phattha,ph,attha,,False,pʰat4,phat3'tha3
พัฒนา,นา,na,n,a,,True,tʰa4,naa0
ปัจจุบัน,ปัจ,pat,p,a,t,False,pat2,pat1
ปัจจุบัน,จุ,chu,ch,u,,False,cu2,cu1
ปัจจุบัน,บัน,ban,b,a,n,False,ban1,ban0
ตลาด,ตลาด,talat,t,ala,t,True,ta2,ta1'laat1
สาม,สาม,sam,s,a,m,True,saːm5,saam4
องค์กร,องค์,ong,,o,ng,False,ʔoŋ1,?oN0
องค์กร,กร,kon,k,o,n,True,kᴐːn1,kOOn0
สื่อ,สื่อ,sue,s,ue,,True,sɯː2,sUU1
หรอ,หรอ,ro,r,o,,True,rᴐː5,rOO4
ทา,ทา,tha,th,a,,True,tʰaː1,thaa0
พลาด,พลาด,phlat,ph,la,t,True,pʰlaːt3,phlaat2
สนใจ,สน,son,s,o,n,False,son5,son4
สนใจ,ใจ,chai,ch,ai,,False,caj1,caj0
แนว,แนว,naeo,n,aeo,,True,nɛːw1,nxxw0
เสนอ,เสนอ,sanoe,s,anoe,,True,sa2,sa1'n@@4
ฉบับ,ฉบับ,chabap,ch,aba,p,False,cʰa2,cha1'bap1
บริเวณ,บริ,bori,b,ori,,True,bᴐː1,bOO0'ri3
บริเวณ,เวณ,wen,w,e,n,True,ri4,ween0
นาง,นาง,nang,n,a,ng,True,naːŋ1,naaN0
กำหนด,กำ,kam,k,a,m,False,kam1,kam0
กำหนด,หนด,not,n,o,t,False,not2,not1
แน่น,แน่น,naen,n,ae,n,True,nɛːn3,nxxn2
เข้าใจ,เข้า,khao,kh,ao,,False,kʰaw3,khaw2
เข้าใจ,ใจ,chai,ch,ai,,False,caj1,caj0
โดยเฉพาะ,โดย,doi,d,oi,,True,doːj1,dooj0
โดยเฉพาะ,เฉพาะ,chapho,ch,apho,,False,cʰa2,cha1'phO3
ทางการเมือง,ทาง,thang,th,a,ng,True,tʰaːŋ1,thaaN0
ทางการเมือง,การ,kan,k,a,n,True,kaːn1,kaan0
ทางการเมือง,เมือง,mueang,m,uea,ng,True,mɯːaŋ1,mUUaN0
เชียงใหม่,เชียง,chiang,ch,ia,ng,True,cʰiːaŋ1,chiiaN0
เชียงใหม่,ใหม่,mai,m,ai,,False,maj2,maj1
เลี้ยง,เลี้ยง,liang,l,ia,ng,True,liːaŋ4,liiaN3
รี่,รี่,ri,r,i,,True,riː3,rii2
ชาว,ชาว,chao,ch,ao,,True,cʰaːw1,chaaw0
ดำเนินการ,ดำ,dam,d,a,m,False,dam1,dam0
ดำเนินการ,เนิน,noen,n,oe,n,True,nɤːn1,n@@n0
ดำเนินการ,การ,kan,k,a,n,True,kaːn1,kaan0
สนับสนุน,สนับ,sanap,s,ana,p,False,sa2,sa1'nap1
สนับสนุน,สนุน,sanun,s,anu,n,False,nap2,sa1'nun4
ตั้งอยู่,ตั้ง,tang,t,a,ng,False,taŋ3,taN2
ตั้งอยู่,อยู่,yu,y,u,,True,juː2,juu1
ครอบครัว,ครอบ,khrop,khr,o,p,True,kʰrᴐːp3,khrOOp2
ครอบครัว,ครัว,khrua,khr,ua,,True,kʰruːa1,khruua0
ต้มยำ,ต้ม,tom,t,o,m,False,tom3,tom2
ต้มยำ,ยำ,yam,y,a,m,False,jam1,jam0
คู่,คู่,khu,kh,u,,True,kʰuː3,khuu2
การเลือกตั้ง,การ,kan,k,a,n,True,kaːn1,kaan0
การเลือกตั้ง,เลือก,lueak,l,uea,k,True,lɯːak3,lUUak2
การเลือกตั้ง,ตั้ง,tang,t,a,ng,False,taŋ3,taN2
ชาติ,ชาติ,chat,ch,a,t,True,cʰaːt3,chaat2
มะเร็ง,มะ,ma,m,a,,False,ma4,ma3
มะเร็ง,เร็ง,reng,r,e,ng,False,reŋ1,reN0
ชีวิต,ชี,chiwi,ch,iwi,,True,cʰiː1,chii0
ชีวิต,วิต,t,t,,t,False,wit4,wit3
กิจกรรม,กิจ,kitcha,k,itcha,,False,kit2,kit1'ca1
กิจกรรม,กรรม,kam,k,a,m,False,ca2,kam0
มาสด้า,มาส,mat,m,a,t,True,maːt3,maat2
มาสด้า,ด้า,da,d,a,,True,daː3,daa2
พระ,พระ,phra,phr,a,,False,pʰra4,phra3
โอ,โอ,o,,o,,True,ʔoː1,?oo0
เกือบ,เกือบ,kueap,k,uea,p,True,kɯːap2,kUUap1
แสน,แสน,saen,s,ae,n,True,sɛːn5,sxxn4
สม,สม,som,s,o,m,False,som5,som4
โปรโมชั่น,โปร,pro,pr,o,,True,proː1,proo0
โปรโมชั่น,โม,mo,m,o,,True,moː1,moo0
โปรโมชั่น,ชั่น,chan,ch,a,n,False,cʰan3,chan2
ที่จอดรถ,ที่,thi,th,i,,True,tʰiː3,thii2
ที่จอดรถ,จอด,chot,ch,o,t,True,cᴐːt2,cOOt1
ที่จอดรถ,รถ,rot,r,o,t,False,rot4,rot3
ผิด,ผิด,phit,ph,i,t,False,pʰit2,phit1
ศาล,ศาล,san,s,a,n,True,saːn5,saan4
ส่วนใหญ่,ส่วน,suan,s,ua,n,True,suːan2,suuan1
ส่วนใหญ่,ใหญ่,yai,y,ai,,False,jaj2,jaj1
แห้ง,แห้ง,haeng,h,ae,ng,True,hɛːŋ3,hxxN2
หิว,หิว,hio,h,io,,False,hiw5,hiw4
เปรี้ยว,เปรี้ยว,priao,pr,iao,,True,priːaw3,priiaw2
รีบ,รีบ,rip,r,i,p,True,riːp3,riip2
เซ,เซ,se,s,e,,True,seː1,see0
ทั้งนี้,ทั้ง,thang,th,a,ng,False,tʰaŋ4,thaN3
ทั้งนี้,นี้,ni,n,i,,True,niː4,nii3
นม,นม,nom,n,o,m,False,nom1,nom0
แพ้,แพ้,phae,ph,ae,,True,pʰɛː4,phxx3
ปรับ,ปรับ,prap,pr,a,p,False,prap2,prap1
สาย,สาย,sai,s,ai,,True,saːj5,saaj4
ลา,ลา,la,l,a,,True,laː1,laa0
รูป,รูป,rup,r,u,p,True,ruːp3,ruup2
คิว,คิว,khio,kh,io,,False,kʰiw1,khiw0
แม้,แม้,mae,m,ae,,True,mɛː4,mxx3
ครบ,ครบ,khrop,khr,o,p,False,kʰrop4,khrop3
ไร,ไร,rai,r,ai,,False,raj1,raj0
ต่าง,ต่าง,tang,t,a,ng,True,taːŋ2,taaN1
กระ,กระ,kra,kr,a,,False,kra2,kra1
นา,นา,na,n,a,,True,naː1,naa0
เด็ด,เด็ด,det,d,e,t,False,det2,det1
โทร,โทร,tho,th,o,,True,tʰoː1,thoo0
ทั่วไป,ทั่ว,thua,th,ua,,True,tʰuːa3,thuua2
ทั่วไป,ไป,pai,p,ai,,False,paj1,paj0
ลีโอ,ลี,li,l,i,,True,liː1,lii0
ลีโอ,โอ,-o,-,o,,True,ʔoː1,?oo0
ตา,ตา,ta,t,a,,True,taː1,taa0
สัก,สัก,sak,s,a,k,False,sak2,sak1
พม่า,พม่า,phama,ph,ama,,True,pʰa4,pha3'maa2
สูตร,สูตร,sut,s,u,t,True,suːt2,suut1
เค็ม,เค็ม,khem,kh,e,m,False,kʰem1,khem0
ข้อ,ข้อ,kho,kh,o,,True,kʰᴐː3,khOO2
เหล้า,เหล้า,lao,l,ao,,False,law3,law2
จีน,จีน,chin,ch,i,n,True,ciːn1,ciin0
เหตุการณ์,เหตุ,het,h,e,t,True,heːt2,heet1
เหตุการณ์,การณ์,kan,k,a,n,True,kaːn1,kaan0
ตอบ,ตอบ,top,t,o,p,True,tᴐːp2,tOOp1
ตำรวจ,ตำ,tam,t,a,m,False,tam1,tam0
ตำรวจ,รวจ,ruat,r,ua,t,True,ruːat2,ruuat1
กลัว,กลัว,klua,kl,ua,,True,kluːa1,kluua0
ขอให้,ขอ,kho,kh,o,,True,kʰᴐː5,khOO4
ขอให้,ให้,hai,h,ai,,False,haj3,haj2
ปิ้ง,ปิ้ง,ping,p,i,ng,False,piŋ3,piN2
หัว,หัว,hua,h,ua,,True,huːa5,huua4
สุดท้าย,สุด,sut,s,u,t,False,sut2,sut1
สุดท้าย,ท้าย,thai,th,ai,,True,tʰaːj4,thaaj3
ๆๆ,ๆ,ๆ ๆ,ๆ, ,ๆ,False,ๆ ๆ,ๆ
ๆๆ,ๆ,,,,,False,,
จอง,จอง,chong,ch,o,ng,True,cᴐːŋ1,cOON0
กำลังดี,กำ,kam,k,a,m,False,kam1,kam0
กำลังดี,ลัง,lang,l,a,ng,False,laŋ1,laN0
กำลังดี,ดี,di,d,i,,True,diː1,dii0
กุ,กุ,ku,k,u,,False,ku2,ku1
แยก,แยก,yaek,y,ae,k,True,jɛːk3,jxxk2
ขนมปัง,ขนม,khanom,kh,ano,m,False,kʰa2,kha1'nom4
ขนมปัง,ปัง,pang,p,a,ng,False,nom5,paN0
นิด,นิด,nit,n,i,t,False,nit4,nit3
จำกัด,จำ,cham,ch,a,m,False,cam1,cam0
จำกัด,กัด,kat,k,a,t,False,kat2,kat1
แทน,แทน,thaen,th,ae,n,True,tʰɛːn1,thxxn0
น้ำมัน,น้ำ,nam,n,a,m,True,naːm4,naam3
น้ำมัน,มัน,man,m,a,n,False,man1,man0
ใส,ใส,sai,s,ai,,False,saj5,saj4
ชัดเจน,ชัด,chatc,ch,at,c,False,cʰat4,chat3
ชัดเจน,เจน,hen,h,e,n,True,ceːn1,ceen0
ซะ,ซะ,sa,s,a,,False,sa4,sa3
ผล,ผล,phon,ph,o,n,False,pʰon5,phon4
อา,อา,a,,a,,True,ʔaː1,?aa0
เธอ,เธอ,thoe,th,oe,,True,tʰɤː1,th@@0
ใด,ใด,dai,d,ai,,False,daj1,daj0
แห่งชาติ,แห่ง,haeng,h,ae,ng,True,hɛːŋ2,hxxN1
แห่งชาติ,ชาติ,chat,ch,a,t,True,cʰaːt3,chaat2
มากขึ้น,มาก,mak,m,a,k,True,maːk3,maak2
มากขึ้น,ขึ้น,khuen,kh,ue,n,False,kʰɯn3,khUn2
เฉพาะ,เฉพาะ,chapho,ch,apho,,False,cʰa2,cha1'phO3
เอ็ม,เอ็ม,em,,e,m,False,ʔem1,?em0
เก็บ,เก็บ,kep,k,e,p,False,kep2,kep1
พิจารณา,พิ,phi,ph,i,,False,pʰi4,phi3
พิจารณา,จา,cha,ch,a,,True,caː1,caa0
พิจารณา,รณา,rana,r,ana,,True,ra4,ra3'naa0
สลัด,สลัด,salat,s,ala,t,False,sa2,sa1'lat1
เกินไป,เกิน,koen,k,oe,n,True,kɤːn1,k@@n0
เกินไป,ไป,pai,p,ai,,False,paj1,paj0
เทียบ,เทียบ,thiap,th,ia,p,True,tʰiːap3,thiiap2
เพื่อให้,เพื่อ,phuea,ph,uea,,True,pʰɯːa3,phUUa2
เพื่อให้,ให้,hai,h,ai,,False,haj3,haj2
ฟัง,ฟัง,fang,f,a,ng,False,faŋ1,faN0
เสิร์ฟ,เสิร์ฟ,soep,s,oe,p,True,sɤːp2,s@@p1
คอ,คอ,kho,kh,o,,True,kʰᴐː1,khOO0
ฮอนด้า,ฮอน,hon,h,o,n,True,hᴐːn1,hOOn0
ฮอนด้า,ด้า,da,d,a,,True,daː3,daa2
แอร์,แอร์,ae,,ae,,True,ʔɛː1,?xx0
สไตล์,สไตล์,satai,s,atai,,False,sa2,sa1'taj0
แสงโสม,แสง,saeng,s,ae,ng,True,sɛːŋ5,sxxN4
แสงโสม,โสม,som,s,o,m,True,soːm5,soom4
ในประเทศ,ใน,nai,n,ai,,False,naj1,naj0
ในประเทศ,ประ,pra,pr,a,,False,pra2,pra1
ในประเทศ,เทศ,thet,th,e,t,True,tʰeːt3,theet2
ใจ,ใจ,chai,ch,ai,,False,caj1,caj0
ตน,ตน,ton,t,o,n,False,ton1,ton0
เพิ่ง,เพิ่ง,phoeng,ph,oe,ng,True,pʰɤːŋ3,ph@@N2
คนไทย,คน,khon,kh,o,n,False,kʰon1,khon0
คนไทย,ไทย,thai,th,ai,,False,tʰaj1,thaj0
กลมกล่อม,กลม,klom,kl,o,m,False,klom1,klom0
กลมกล่อม,กล่อม,klom,kl,o,m,True,klᴐːm2,klOOm1
ปาก,ปาก,pak,p,a,k,True,paːk2,paak1
ไส้,ไส้,sai,s,ai,,False,saj3,saj2
แต่ละ,แต่,tae,t,ae,,True,tɛː2,txx1
แต่ละ,ละ,la,l,a,,False,la4,la3
เรียกร้อง,เรียก,riak,r,ia,k,True,riːak3,riiak2
เรียกร้อง,ร้อง,rong,r,o,ng,True,rᴐːŋ4,rOON3
อาการ,อา,a,,a,,True,ʔaː1,?aa0
อาการ,การ,kan,k,a,n,True,kaːn1,kaan0
ครั้งนี้,ครั้ง,khrang,khr,a,ng,False,kʰraŋ4,khraN3
ครั้งนี้,นี้,ni,n,i,,True,niː4,nii3
ปริมาณ,ปริ,pari,p,ari,,False,pa2,pa1'ri3
ปริมาณ,มาณ,man,m,a,n,True,ri4,maan0
กรุงเทพ,กรุง,krung,kr,u,ng,False,kruŋ1,kruN0
กรุงเทพ,เทพ,thep,th,e,p,True,tʰeːp3,theep2
ช้า,ช้า,cha,ch,a,,True,cʰaː4,chaa3
โซน,โซน,son,s,o,n,True,soːn1,soon0
เลิก,เลิก,loek,l,oe,k,True,lɤːk3,l@@k2
เชื่อ,เชื่อ,chuea,ch,uea,,True,cʰɯːa3,chUUa2
ห้าง,ห้าง,hang,h,a,ng,True,haːŋ3,haaN2
บาบี,บา,ba,b,a,,True,baː1,baa0
บาบี,บี,bi,b,i,,True,biː1,bii0
ร่า,ร่า,ra,r,a,,True,raː3,raa2
ตรวจ,ตรวจ,truat,tr,ua,t,True,truːat2,truuat1
นอก,นอก,nok,n,o,k,True,nᴐːk3,nOOk2
ประชา,ประ,pra,pr,a,,False,pra2,pra1
ประชา,ชา,cha,ch,a,,True,cʰaː1,chaa0
จัดการ,จัด,chat,ch,a,t,False,cat2,cat1
จัดการ,การ,kan,k,a,n,True,kaːn1,kaan0
สินค้า,สิน,sin,s,i,n,False,sin5,sin4
สินค้า,ค้า,kha,kh,a,,True,kʰaː4,khaa3
คณะ,คณะ,khana,kh,ana,,False,kʰa4,kha3'na3
อยู่แล้ว,อยู่,yu,y,u,,True,juː2,juu1
อยู่แล้ว,แล้ว,laeo,l,aeo,,True,lɛːw4,lxxw3
นอกจากนี้,นอก,nok,n,o,k,True,nᴐːk3,nOOk2
นอกจากนี้,จาก,chak,ch,a,k,True,caːk2,caak1
นอกจากนี้,นี้,ni,n,i,,True,niː4,nii3
เหนียว,เหนียว,niao,n,iao,,True,niːaw5,niiaw4
ห้าม,ห้าม,ham,h,a,m,True,haːm3,haam2
ยก,ยก,yok,y,o,k,False,jok4,jok3
เส,เส,se,s,e,,True,seː5,see4
เติม,เติม,toem,t,oe,m,True,tɤːm1,t@@m0
ดาว,ดาว,dao,d,ao,,True,daːw1,daaw0
สู้,สู้,su,s,u,,True,suː3,suu2
เตรียม,เตรียม,triam,tr,ia,m,True,triːam1,triiam0
พริก,พริก,phrik,phr,i,k,False,pʰrik4,phrik3
หยุด,หยุด,yut,y,u,t,False,jut2,jut1
เครือข่าย,เครือ,khruea,khr,uea,,True,kʰrɯːa1,khrUUa0
เครือข่าย,ข่าย,khai,kh,ai,,True,kʰaːj2,khaaj1
พล,พล,phon,ph,o,n,False,pʰon1,phon0
ชาเขียว,ชา,chak,ch,a,k,True,cʰaː1,chaa0
ชาเขียว,เขียว,hiao,h,iao,,True,kʰiːaw5,khiiaw4
ผสม,ผสม,phasom,ph,aso,m,False,pʰa2,pha1'som4
ขาว,ขาว,khao,kh,ao,,True,kʰaːw5,khaaw4
จบ,จบ,chop,ch,o,p,False,cop2,cop1
เลือกตั้ง,เลือก,lueak,l,uea,k,True,lɯːak3,lUUak2
เลือกตั้ง,ตั้ง,tang,t,a,ng,False,taŋ3,taN2
จุด,จุด,chut,ch,u,t,False,cut2,cut1
ส้มตำ,ส้ม,som,s,o,m,False,som3,som2
ส้มตำ,ตำ,tam,t,a,m,False,tam1,tam0
แก้ไข,แก้,kae,k,ae,,True,kɛː3,kxx2
แก้ไข,ไข,khai,kh,ai,,False,kʰaj5,khaj4
เดียวกัน,เดียว,diao,d,iao,,True,diːaw1,diiaw0
เดียวกัน,กัน,kan,k,a,n,False,kan1,kan0
ทักษิณ,ทัก,thak,th,a,k,False,tʰak4,thak3
ทักษิณ,ษิณ,sin,s,i,n,False,sin5,sin4
อยากได้,อยาก,yak,y,a,k,True,jaːk2,jaak1
อยากได้,ได้,dai,d,ai,,True,daːj3,daaj2
สู่,สู่,su,s,u,,True,suː2,suu1
พยายาม,พยา,phaya,ph,aya,,True,pʰa4,pha3'jaa0
พยายาม,ยาม,yam,y,a,m,True,jaː1,jaam0
กลาง,กลาง,klang,kl,a,ng,True,klaːŋ1,klaaN0
ดัง,ดัง,dang,d,a,ng,False,daŋ1,daN0
เกี่ยวข้อง,เกี่ยว,kiao,k,iao,,True,kiːaw2,kiiaw1
เกี่ยวข้อง,ข้อง,khong,kh,o,ng,True,kʰᴐːŋ3,khOON2
เป็นเรื่อง,เป็น,pen,p,e,n,False,pen1,pen0
เป็นเรื่อง,เรื่อง,rueang,r,uea,ng,True,rɯːaŋ3,rUUaN2
เสื้อ,เสื้อ,suea,s,uea,,True,sɯːa3,sUUa2
มื้อ,มื้อ,mue,m,ue,,True,mɯː4,mUU3
ผลกระทบ,ผล,phon,ph,o,n,False,pʰon5,phon4
ผลกระทบ,กระ,kra,kr,a,,False,kra2,kra1
ผลกระทบ,ทบ,thop,th,o,p,False,tʰop4,thop3
ที่อยู่,ที่,thi,th,i,,True,tʰiː3,thii2
ที่อยู่,อยู่,yu,y,u,,True,juː2,juu1
ป้าย,ป้าย,pai,p,ai,,True,paːj3,paaj2
ดังนั้น,ดัง,dang,d,a,ng,False,daŋ1,daN0
ดังนั้น,นั้น,nan,n,a,n,False,nan4,nan3
เพลง,เพลง,phleng,ph,le,ng,True,pʰleːŋ1,phleeN0
พวกเขา,พวก,phuak,ph,ua,k,True,pʰuːak3,phuuak2
พวกเขา,เขา,khao,kh,ao,,False,kʰaw5,khaw4
หลังจาก,หลัง,lang,l,a,ng,False,laŋ5,laN4
หลังจาก,จาก,chak,ch,a,k,True,caːk2,caak1
ชวน,ชวน,chuan,ch,ua,n,True,cʰuːan1,chuuan0
ฝั่ง,ฝั่ง,fang,f,a,ng,False,faŋ2,faN1
แก้,แก้,kae,k,ae,,True,kɛː3,kxx2
เขียน,เขียน,khian,kh,ia,n,True,kʰiːan5,khiian4
ชัย,ชัย,chai,ch,ai,,False,cʰaj1,chaj0
นอกจาก,นอก,nok,n,o,k,True,nᴐːk3,nOOk2
นอกจาก,จาก,chak,ch,a,k,True,caːk2,caak1
ไอ,ไอ,ai,,ai,,False,ʔaj1,?aj0
มีโอกาส,มี,mi,m,i,,True,miː1,mii0
มีโอกาส,โอ,-o,-,o,,True,ʔoː1,?oo0
มีโอกาส,กาส,kat,k,a,t,True,kaːt2,kaat1
ประธาน,ประ,pra,pr,a,,False,pra2,pra1
ประธาน,ธาน,than,th,a,n,True,tʰaːn1,thaan0
หมอ,หมอ,mo,m,o,,True,mᴐː5,mOO4
แอบ,แอบ,aep,,ae,p,True,ʔɛːp2,?xxp1
ได้มา,ได้,dai,d,ai,,True,daːj3,daaj2
ได้มา,มา,ma,m,a,,True,maː1,maa0
เสียง,เสียง,siang,s,ia,ng,True,siːaŋ5,siiaN4
ทะเล,ทะ,tha,th,a,,False,tʰa4,tha3
ทะเล,เล,le,l,e,,True,leː1,lee0
ถ้วย,ถ้วย,thuai,th,uai,,True,tʰuːaj3,thuuaj2
อดีต,อดีต,adit,,adi,t,True,ʔa2,?a1'diit1
จับ,จับ,chap,ch,a,p,False,cap2,cap1
โรค,โรค,rok,r,o,k,True,roːk3,rook2
สะอาด,สะ,sa,s,a,,False,sa2,sa1
สะอาด,อาด,-at,-,a,t,True,ʔaːt2,?aat1
รวมถึง,รวม,ruam,r,ua,m,True,ruːam1,ruuam0
รวมถึง,ถึง,thueng,th,ue,ng,False,tʰɯŋ5,thUN4
มีปัญหา,มี,mi,m,i,,True,miː1,mii0
มีปัญหา,ปัญ,pan,p,a,n,False,pan1,pan0
มีปัญหา,หา,ha,h,a,,True,haː5,haa4
ใต้,ใต้,tai,t,ai,,True,taːj3,taaj2
ชม,ชม,chom,ch,o,m,False,cʰom1,chom0
สถานการณ์,สถาน,sathana,s,athana,,True,sa2,sa1'thaa4'na3
สถานการณ์,การณ์,kan,k,a,n,True,tʰaː5,kaan0
สอบถาม,สอบ,sop,s,o,p,True,sᴐːp2,sOOp1
สอบถาม,ถาม,tham,th,a,m,True,tʰaːm5,thaam4
นายกรัฐมนตรี,นา,na,n,a,,True,naː1,naa0
นายกรัฐมนตรี,ยก,yok,y,o,k,False,jok4,jok3
นายกรัฐมนตรี,รัฐ,rattha,r,attha,,False,rat4,rat3'tha1
นายกรัฐมนตรี,มน,mon,m,o,n,False,tʰa2,mon0
นายกรัฐมนตรี,ตรี,tri,tr,i,,True,mon1,trii0
ร่วมกัน,ร่วม,ruam,r,ua,m,True,ruːam3,ruuam2
ร่วมกัน,กัน,kan,k,a,n,False,kan1,kan0
เศรษฐกิจ,เศรษฐ,settha,s,ettha,,True,seːt2,seet1'tha1
เศรษฐกิจ,กิจ,kit,k,i,t,False,tʰa2,kit1
เท่า,เท่า,thao,th,ao,,False,tʰaw3,thaw2
บุคคล,บุค,buk,b,u,k,False,buk2,buk1
บุคคล,คล,khon,kh,o,n,False,kʰon1,khon0
ลูกชิ้น,ลูก,luk,l,u,k,True,luːk3,luuk2
ลูกชิ้น,ชิ้น,chin,ch,i,n,False,cʰin4,chin3
มาตรฐาน,มาตร,mattra,m,attra,,True,maːt3,maat2'tra1
มาตรฐาน,ฐาน,than,th,a,n,True,tra2,thaan4
เสร็จ,เสร็จ,set,s,e,t,False,set2,set1
เฉย,เฉย,choei,ch,oei,,True,cʰɤːj5,ch@@j4
เขต,เขต,khet,kh,e,t,True,kʰeːt2,kheet1
ข้าง,ข้าง,khang,kh,a,ng,True,kʰaːŋ3,khaaN2
พ่อ,พ่อ,pho,ph,o,,True,pʰᴐː3,phOO2
ลักษณะ,ลัก,lak,l,a,k,False,lak4,lak3
ลักษณะ,ษณะ,sana,s,ana,,False,sa2,sa1'na1
ของหวาน,ของ,khong,kh,o,ng,True,kʰᴐːŋ5,khOON4
ของหวาน,หวาน,wan,w,a,n,True,waːn5,waan4
สนุก,สนุก,sanuk,s,anu,k,False,sa2,sa1'nuk1
ยอมรับ,ยอม,yom,y,o,m,True,jᴐːm1,jOOm0
ยอมรับ,รับ,rap,r,a,p,False,rap4,rap3
ขาด,ขาด,khat,kh,a,t,True,kʰaːt2,khaat1
ยาว,ยาว,yao,y,ao,,True,jaːw1,jaaw0
ต้ม,ต้ม,tom,t,o,m,False,tom3,tom2
เหล่านี้,เหล่า,lao,l,ao,,False,law2,law1
เหล่านี้,นี้,ni,n,i,,True,niː4,nii3
นิดนึง,นิ,ni,n,i,,False,ni4,ni3
นิดนึง,ดนึง,danueng,d,anue,ng,False,da2,da1'nUN0
น่ะ,น่ะ,na,n,a,,False,na3,na2
รวมทั้ง,รวม,ruam,r,ua,m,True,ruːam1,ruuam0
รวมทั้ง,ทั้ง,thang,th,a,ng,False,tʰaŋ4,thaN3
หนัก,หนัก,nak,n,a,k,False,nak2,nak1
เร,เร,re,r,e,,True,reː1,ree0
การศึกษา,การ,kan,k,a,n,True,kaːn1,kaan0
การศึกษา,ศึก,sue,s,ue,,False,sɯk2,sUk1
การศึกษา,ษา,ksa,k,sa,,True,saː5,saa4
วิธี,วิ,wi,w,i,,False,wi4,wi3
วิธี,ธี,thi,th,i,,True,tʰiː1,thii0
โต,โต,to,t,o,,True,toː1,too0
ตัด,ตัด,tat,t,a,t,False,tat2,tat1
วาง,วาง,wang,w,a,ng,True,waːŋ1,waaN0
ทุกวัน,ทุก,thuk,th,u,k,False,tʰuk4,thuk3
ทุกวัน,วัน,wan,w,a,n,False,wan1,wan0
การพัฒนา,การ,kan,k,a,n,True,kaːn1,kaan0
การพัฒนา,พัฒ,phattha,ph,attha,,False,pʰat4,phat3'tha3
การพัฒนา,นา,na,n,a,,True,tʰa4,naa0
คืน,คืน,khuen,kh,ue,n,True,kʰɯːn1,khUUn0
เบา,เบา,bao,b,ao,,False,baw1,baw0
ประจำ,ประ,pra,pr,a,,False,pra2,pra1
ประจำ,จำ,cham,ch,a,m,False,cam1,cam0
กด,กด,kot,k,o,t,False,kot2,kot1
ทัน,ทัน,than,th,a,n,False,tʰan1,than0
ยู,ยู,yu,y,u,,True,juː1,juu0
ฟิน,ฟิน,fin,f,i,n,False,fin1,fin0
บิ,บิ,bi,b,i,,False,bi2,bi1
เรื่อยๆ,เรื่อย,rueai rueai,r,ueai rueai,,True,rɯːaj3 rɯːaj3,rUUaj2
เรื่อยๆ,ๆ,,,,,False,,
ตาย,ตาย,tai,t,ai,,True,taːj1,taaj0
มาถึง,มา,ma,m,a,,True,maː1,maa0
มาถึง,ถึง,thueng,th,ue,ng,False,tʰɯŋ5,thUN4
ยอม,ยอม,yom,y,o,m,True,jᴐːm1,jOOm0
สิทธิมนุษยชน,สิท,sit,s,i,t,False,sit2,sit1
สิทธิมนุษยชน,ธิ,thi,th,i,,False,tʰi4,thi3
สิทธิมนุษยชน,มนุษย,manutsaya,m,anutsaya,,False,ma4,ma3'nut3'sa1'ja3
สิทธิมนุษยชน,ชน,chon,ch,o,n,False,nut4,chon0
โตโยต้า,โต,to,t,o,,True,toː1,too0
โตโยต้า,โย,yo,y,o,,True,joː1,joo0
โตโยต้า,ต้า,ta,t,a,,True,taː3,taa2
เช่นกัน,เช่น,chenka,ch,enka,,True,cʰeːn3,cheen2
เช่นกัน,กัน,n,n,,n,False,kan1,kan0
ผิดหวัง,ผิด,phit,ph,i,t,False,pʰit2,phit1
ผิดหวัง,หวัง,wang,w,a,ng,False,waŋ5,waN4
เก่า,เก่า,kao,k,ao,,False,kaw2,kaw1
นักศึกษา,นัก,nak,n,a,k,False,nak4,nak3
นักศึกษา,ศึก,sue,s,ue,,False,sɯk2,sUk1
นักศึกษา,ษา,ksa,k,sa,,True,saː5,saa4
ออกจาก,ออก,ok,,o,k,True,ʔᴐːk2,?OOk1
ออกจาก,จาก,chak,ch,a,k,True,caːk2,caak1
ที่ดิน,ที่,thi,th,i,,True,tʰiː3,thii2
ที่ดิน,ดิน,din,d,i,n,False,din1,din0
คุย,คุย,khui,kh,ui,,False,kʰuj1,khuj0
บะหมี่,บะ,ba,b,a,,False,ba2,ba1
บะหมี่,หมี่,mi,m,i,,True,miː2,mii1
มหาวิทยาลัย,มหา,maha,m,aha,,True,ma4,ma3'haa4
มหาวิทยาลัย,วิท,wittha,w,ittha,,True,haː5,wit3'tha3
มหาวิทยาลัย,ยา,ya,y,a,,True,wit4,jaa0
มหาวิทยาลัย,ลัย,lai,l,ai,,False,tʰa4,laj0
อายุ,อา,a,,a,,True,ʔaː1,?aa0
อายุ,ยุ,yu,y,u,,False,ju4,ju3
ร้า,ร้า,ra,r,a,,True,raː4,raa3
นิดๆ,นิด,nit nit,n,it ni,t,False,nit4 nit4,nit3
นิดๆ,ๆ,,,,,False,,
เบอร์,เบอร์,boe,b,oe,,True,bɤː1,b@@0
การทำงาน,การ,kan,k,a,n,True,kaːn1,kaan0
การทำงาน,ทำ,tham,th,a,m,False,tʰam1,tham0
การทำงาน,งาน,ngan,ng,a,n,True,ŋaːn1,Naan0
ยืนยัน,ยืน,yuen,y,ue,n,True,jɯːn1,jUUn0
ยืนยัน,ยัน,yan,y,a,n,False,jan1,jan0
ติดตาม,ติด,tit,t,i,t,False,tit2,tit1
ติดตาม,ตาม,tam,t,a,m,True,taːm1,taam0
วิ,วิ,wi,w,i,,False,wi4,wi3
เสรีภาพ,เส,se,s,e,,True,seː5,see4
เสรีภาพ,รี,ri,r,i,,True,riː1,rii0
เสรีภาพ,ภาพ,phap,ph,a,p,True,pʰaːp3,phaap2
สภา,สภา,sapha,s,apha,,True,sa2,sa1'phaa0
วัด,วัด,wat,w,a,t,False,wat4,wat3
ชาด,ชาด,chat,ch,a,t,True,cʰaːt3,chaat2
ประทับใจ,ประ,pra,pr,a,,False,pra2,pra1
ประทับใจ,ทับ,thap,th,a,p,False,tʰap4,thap3
ประทับใจ,ใจ,chai,ch,ai,,False,caj1,caj0
ปั่น,ปั่น,pan,p,a,n,False,pan2,pan1
แสดง,แสดง,sadaeng,s,adae,ng,True,sa2,sa1'dxxN0
ยังคง,ยัง,yang,y,a,ng,False,jaŋ1,jaN0
ยังคง,คง,khong,kh,o,ng,False,kʰoŋ1,khoN0
โรงแรม,โรง,rong,r,o,ng,True,roːŋ1,rooN0
โรงแรม,แรม,raem,r,ae,m,True,rɛːm1,rxxm0
ตรงข้าม,ตรง,trong,tr,o,ng,False,troŋ1,troN0
ตรงข้าม,ข้าม,kham,kh,a,m,True,kʰaːm3,khaam2
บุ,บุ,bu,b,u,,False,bu2,bu1
กล้า,กล้า,kla,kl,a,,True,klaː3,klaa2
ขณะที่,ขณะ,khana,kh,ana,,False,kʰa2,kha1'na1
ขณะที่,ที่,thi,th,i,,True,na2,thii2
เห็ด,เห็ด,het,h,e,t,False,het2,het1
นั่น,นั่น,nan,n,a,n,False,nan3,nan2
รถยนต์,รถ,rot,r,o,t,False,rot4,rot3
รถยนต์,ยนต์,yon,y,o,n,False,jon1,jon0
จัง,จัง,chang,ch,a,ng,False,caŋ1,caN0
ให้ได้,ให้,hai,h,ai,,False,haj3,haj2
ให้ได้,ได้,dai,d,ai,,True,daːj3,daaj2
ชิ,ชิ,chi,ch,i,,False,cʰi4,chi3
ล่าสุด,ล่า,la,l,a,,True,laː3,laa2
ล่าสุด,สุด,sut,s,u,t,False,sut2,sut1
เมา,เมา,mao,m,ao,,False,maw1,maw0
สถาบัน,สถา,satha,s,atha,,True,sa2,sa1'thaa4
สถาบัน,บัน,ban,b,a,n,True,tʰaː5,ban0
กลับบ้าน,กลับ,klap,kl,a,p,False,klap2,klap1
กลับบ้าน,บ้าน,ban,b,a,n,True,baːn3,baan2
ดิ,ดิ,di,d,i,,False,di2,di1
ประตู,ประ,pra,pr,a,,False,pra2,pra1
ประตู,ตู,tu,t,u,,True,tuː1,tuu0
ครั้งแรก,ครั้ง,khrang,khr,a,ng,False,kʰraŋ4,khraN3
ครั้งแรก,แรก,raek,r,ae,k,True,rɛːk3,rxxk2
เหมาะกับ,เหมาะ,mo,m,o,,False,mᴐ2,mO1
เหมาะกับ,กับ,kap,k,a,p,False,kap2,kap1
เท่าไร,เท่า,thao,th,ao,,False,tʰaw3,thaw2
เท่าไร,ไร,rai,r,ai,,False,raj1,raj0
สมาชิก,สมา,sama,s,ama,,True,sa2,sa1'maa0
สมาชิก,ชิก,chik,ch,i,k,True,maː1,chik3
กระเทียม,กระ,kra,kr,a,,False,kra2,kra1
กระเทียม,เทียม,thiam,th,ia,m,True,tʰiːam1,thiiam0
แฟน,แฟน,faen,f,ae,n,True,fɛːn1,fxxn0
หน่วยงาน,หน่วย,nuai,n,uai,,True,nuːaj2,nuuaj1
หน่วยงาน,งาน,ngan,ng,a,n,True,ŋaːn1,Naan0
ขา,ขา,kha,kh,a,,True,kʰaː5,khaa4
ขอบคุณ,ขอบ,khop,kh,o,p,True,kʰᴐːp2,khOOp1
ขอบคุณ,คุณ,khun,kh,u,n,False,kʰun1,khun0
จันทร์,จันทร์,chan,ch,a,n,False,can1,can0
ความรุนแรง,ความ,khwam,kh,wa,m,True,kʰwaːm1,khwaam0
ความรุนแรง,รุน,run,r,u,n,False,run1,run0
ความรุนแรง,แรง,raeng,r,ae,ng,True,rɛːŋ1,rxxN0
รอง,รอง,rong,r,o,ng,True,rᴐːŋ1,rOON0
รู้จัก,รู้,ru,r,u,,True,ruː4,ruu3
รู้จัก,จัก,chak,ch,a,k,False,cak2,cak1
พัน,พัน,phan,ph,a,n,False,pʰan1,phan0
อิน,อิน,in,,i,n,False,ʔin1,?in0
บา,บา,ba,b,a,,True,baː1,baa0
ร่าง,ร่าง,rang,r,a,ng,True,raːŋ3,raaN2
กลายเป็น,กลาย,klai,kl,ai,,True,klaːj1,klaaj0
กลายเป็น,เป็น,pen,p,e,n,False,pen1,pen0
แปลก,แปลก,plaek,pl,ae,k,True,plɛːk2,plxxk1
วจะ,วจะ,wacha,w,acha,,False,wa4,wa3'ca1
วิ่ง,วิ่ง,wing,w,i,ng,False,wiŋ3,wiN2
ปล่อย,ปล่อย,ploi,pl,oi,,True,plᴐːj2,plOOj1
เลี่ยน,เลี่ยน,lian,l,ia,n,True,liːan3,liian2
ซัก,ซัก,sak,s,a,k,False,sak4,sak3
นอน,นอน,non,n,o,n,True,nᴐːn1,nOOn0
นาวา,นา,na,n,a,,True,naː1,naa0
นาวา,วา,wa,w,a,,True,waː1,waa0
หน้าตา,หน้า,na,n,a,,True,naː3,naa2
หน้าตา,ตา,ta,t,a,,True,taː1,taa0
โลตัส,โล,lo,l,o,,True,loː1,loo0
โลตัส,ตัส,tat,t,a,t,False,tat2,tat1
กระบวนการ,กระ,kra,kr,a,,False,kra2,kra1
กระบวนการ,บวน,buan,b,ua,n,True,buːan1,buuan0
กระบวนการ,การ,kan,k,a,n,True,kaːn1,kaan0
ข้าวผัด,ข้าว,khao,kh,ao,,True,kʰaːw3,khaaw2
ข้าวผัด,ผัด,phat,ph,a,t,False,pʰat2,phat1
ว่าการ,ว่า,wa,w,a,,True,waː3,waa2
ว่าการ,การ,kan,k,a,n,True,kaːn1,kaan0
ศรี,ศรี,si,s,i,,True,siː5,sii4
ขณะนี้,ขณะ,khana,kh,ana,,False,kʰa2,kha1'na1
ขณะนี้,นี้,ni,n,i,,True,na2,nii3
ลิ,ลิ,li,l,i,,False,li4,li3
ป้องกัน,ป้อง,pong,p,o,ng,True,pᴐːŋ3,pOON2
ป้องกัน,กัน,kan,k,a,n,False,kan1,kan0
เนี่ย,เนี่ย,nia,n,ia,,True,niːa3,niia2
นาที,นา,na,n,a,,True,naː1,naa0
นาที,ที,thi,th,i,,True,tʰiː1,thii0
พูดถึง,พูด,phut,ph,u,t,True,pʰuːt3,phuut2
พูดถึง,ถึง,thueng,th,ue,ng,False,tʰɯŋ5,thUN4
หนัง,หนัง,nang,n,a,ng,False,naŋ5,naN4
จำ,จำ,cham,ch,a,m,False,cam1,cam0
ผลิต,ผลิต,phalit,ph,ali,t,False,pʰa2,pha1'lit1
อิ,อิ,i,,i,,False,ʔi2,?i1
ฐานะ,ฐา,tha,th,a,,True,tʰaː5,thaa4
ฐานะ,นะ,na,n,a,,False,na4,na3
เวที,เว,we,w,e,,True,weː1,wee0
เวที,ที,thi,th,i,,True,tʰiː1,thii0
ธุรกิจ,ธุร,thura,th,ura,,False,tʰu4,thu3'ra3
ธุรกิจ,กิจ,kit,k,i,t,False,ra4,kit1
ชาม,ชาม,cham,ch,a,m,True,cʰaːm1,chaam0
ภาคใต้,ภาค,phak,ph,a,k,True,pʰaːk3,phaak2
ภาคใต้,ใต้,tai,t,ai,,True,taːj3,taaj2
คนเดียว,คน,khon,kh,o,n,False,kʰon1,khon0
คนเดียว,เดียว,diao,d,iao,,True,diːaw1,diiaw0
นับ,นับ,nap,n,a,p,False,nap4,nap3
น้ำแข็ง,น้ำ,nam,n,a,m,True,naːm4,naam3
น้ำแข็ง,แข็ง,khaeng,kh,ae,ng,False,kʰɛŋ5,khxN4
ครึ่ง,ครึ่ง,khrueng,khr,ue,ng,False,kʰrɯŋ3,khrUN2
แก,แก,kae,k,ae,,True,kɛː1,kxx0
เอ,เอ,e,,e,,True,ʔeː1,?ee0
ทีม,ทีม,thim,th,i,m,True,tʰiːm1,thiim0
สุ,สุ,su,s,u,,False,su2,su1
คา,คา,kha,kh,a,,True,kʰaː1,khaa0
หนังสือ,หนัง,nang,n,a,ng,False,naŋ5,naN4
หนังสือ,สือ,sue,s,ue,,True,sɯː5,sUU4
ยุค,ยุค,yuk,y,u,k,False,juk4,juk3
เหี้ย,เหี้ย,hia,h,ia,,True,hiːa3,hiia2
ร้อย,ร้อย,roi,r,oi,,True,rᴐːj4,rOOj3
ด้วยกัน,ด้วย,duai,d,uai,,True,duːaj3,duuaj2
ด้วยกัน,กัน,kan,k,a,n,False,kan1,kan0
เดี๋ยว,เดี๋ยว,diao,d,iao,,True,diːaw5,diiaw4
แล้,แล้,lae,l,ae,,True,lɛː4,lxx3
เพจ,เพจ,phet,ph,e,t,True,pʰeːt3,pheet2
ตำ,ตำ,tam,t,a,m,False,tam1,tam0
รูปแบบ,รูป,rup,r,u,p,True,ruːp3,ruup2
รูปแบบ,แบบ,baep,b,ae,p,True,bɛːp2,bxxp1
สำนักงาน,สำ,sam,s,a,m,False,sam5,sam4
สำนักงาน,นัก,nak,n,a,k,False,nak4,nak3
สำนักงาน,งาน,ngan,ng,a,n,True,ŋaːn1,Naan0
บี,บี,bi,b,i,,True,biː1,bii0
กร้าน,กร้าน,kran,kr,a,n,True,kraːn3,kraan2
สะดวก,สะ,sa,s,a,,False,sa2,sa1
สะดวก,ดวก,duak,d,ua,k,True,duːak2,duuak1
เหตุ,เหตุ,het,h,e,t,True,heːt2,heet1
มะ,มะ,ma,m,a,,False,ma4,ma3
โมง,โมง,mong,m,o,ng,True,moːŋ1,mooN0
ตนเอง,ตน,ton,t,o,n,False,ton1,ton0
ตนเอง,เอง,-eng,-,e,ng,True,ʔeːŋ1,?eeN0
เกี๊ยว,เกี๊ยว,kiao,k,iao,,True,kiːaw4,kiiaw3
ให้บริการ,ให้,hai,h,ai,,False,haj3,haj2
ให้บริการ,บริ,bori,b,ori,,True,bᴐː1,bOO0'ri3
ให้บริการ,การ,kan,k,a,n,True,ri4,kaan0
ง่ายๆ,ง่าย,ngai ngai,ng,ai ngai,,True,ŋaːj3 ŋaːj3,Naaj2
ง่ายๆ,ๆ,,,,,False,,
ศึกษา,ศึก,sue,s,ue,,False,sɯk2,sUk1
ศึกษา,ษา,ksa,k,sa,,True,saː5,saa4
อบ,อบ,op,,o,p,False,ʔop2,?op1
ป่าว,ป่าว,pao,p,ao,,True,paːw2,paaw1
ชาย,ชาย,chai,ch,ai,,True,cʰaːj1,chaaj0
อิอิ,อิ,i,,i,,False,ʔi2,?i1
อิอิ,อิ,-i,-,i,,False,ʔi2,?i1
โฆษณา,โฆ,kho,kh,o,,True,kʰoː1,khoo0
โฆษณา,ษณา,sana,s,ana,,True,sa2,sa1'naa0
จิ้ม,จิ้ม,chim,ch,i,m,False,cim3,cim2
ทันที,ทัน,than,th,a,n,False,tʰan1,than0
ทันที,ที,thi,th,i,,True,tʰiː1,thii0
เช้า,เช้า,chao,ch,ao,,False,cʰaw4,chaw3
สาว,สาว,sao,s,ao,,True,saːw5,saaw4
ซา,ซา,sa,s,a,,True,saː1,saa0
หญิง,หญิง,ying,y,i,ng,False,jiŋ5,jiN4
แย่,แย่,yae,y,ae,,True,jɛː3,jxx2
แซลมอน,แซ,sae,s,ae,,True,sɛː1,sxx0
แซลมอน,ลมอน,lamon,l,amo,n,True,la4,la3'mOOn0
ฐาน,ฐาน,than,th,a,n,True,tʰaːn5,thaan4
เซ็นทรัล,เซ็น,sen,s,e,n,False,sen1,sen0
เซ็นทรัล,ทรัล,san,s,a,n,False,san1,san0
เหมือนเดิม,เหมือน,muean,m,uea,n,True,mɯːan5,mUUan4
เหมือนเดิม,เดิม,doem,d,oe,m,True,dɤːm1,d@@m0
ตก,ตก,tok,t,o,k,False,tok2,tok1
บ่อย,บ่อย,boi,b,oi,,True,bᴐːj2,bOOj1
มะนาว,มะ,ma,m,a,,False,ma4,ma3
มะนาว,นาว,nao,n,ao,,True,naːw1,naaw0
ทุ่ม,ทุ่ม,thum,th,u,m,False,tʰum3,thum2
นึก,นึก,nuek,n,ue,k,False,nɯk4,nUk3
ตามที่,ตาม,tam,t,a,m,True,taːm1,taam0
ตามที่,ที่,thi,th,i,,True,tʰiː3,thii2
หรอก,หรอก,rok,r,o,k,True,rᴐːk2,rOOk1
พอสมควร,พอ,pho,ph,o,,True,pʰᴐː1,phOO0
พอสมควร,สม,som,s,o,m,False,som5,som4
พอสมควร,ควร,khuan,kh,ua,n,True,kʰuːan1,khuuan0
ภายใต้,ภาย,phai,ph,ai,,True,pʰaːj1,phaaj0
ภายใต้,ใต้,tai,t,ai,,True,taːj3,taaj2
เปิดเผย,เปิด,poet,p,oe,t,True,pɤːt2,p@@t1
เปิดเผย,เผย,phoei,ph,oei,,True,pʰɤːj5,ph@@j4
เถอะ,เถอะ,thoe,th,oe,,False,tʰɤ2,th@1
ความมั่นคง,ความ,khwam,kh,wa,m,True,kʰwaːm1,khwaam0
ความมั่นคง,มั่น,man,m,a,n,False,man3,man2
ความมั่นคง,คง,khong,kh,o,ng,False,kʰoŋ1,khoN0
อ่อน,อ่อน,on,,o,n,True,ʔᴐːn2,?OOn1
ชั่วโมง,ชั่ว,chuamo,ch,uamo,,True,cʰuːa3,chuua2
ชั่วโมง,โมง,ng,ng,,ng,True,moːŋ1,mooN0
ไก่ทอด,ไก่,kai,k,ai,,False,kaj2,kaj1
ไก่ทอด,ทอด,thot,th,o,t,True,tʰᴐːt3,thOOt2
แพทย์,แพทย์,phaet,ph,ae,t,True,pʰɛːt3,phxxt2
โก,โก,ko,k,o,,True,koː1,koo0
เผา,เผา,phao,ph,ao,,False,pʰaw5,phaw4
ไท,ไท,thai,th,ai,,False,tʰaj1,thaj0
พลัง,พลัง,phalang,ph,ala,ng,False,pʰa4,pha3'laN0
คุ้มครอง,คุ้ม,khum,kh,u,m,False,kʰum4,khum3
คุ้มครอง,ครอง,khrong,khr,o,ng,True,kʰrᴐːŋ1,khrOON0
ความเห็น,ความ,khwam,kh,wa,m,True,kʰwaːm1,khwaam0
ความเห็น,เห็น,hen,h,e,n,False,hen5,hen4
ร้อยละ,ร้อย,roi,r,oi,,True,rᴐːj4,rOOj3
ร้อยละ,ละ,la,l,a,,False,la4,la3
ไม้,ไม้,mai,m,ai,,True,maːj4,maaj3
คนละ,คน,khon,kh,o,n,False,kʰon1,khon0
คนละ,ละ,la,l,a,,False,la4,la3
ยื่น,ยื่น,yuen,y,ue,n,True,jɯːn3,jUUn2
อย่างไรก็ตาม,อย่าง,yang,y,a,ng,True,jaːŋ2,jaaN1
อย่างไรก็ตาม,ไร,rai,r,ai,,False,raj1,raj0
อย่างไรก็ตาม,ก็,ko,k,o,,True,kᴐː3,kOO2
อย่างไรก็ตาม,ตาม,tam,t,a,m,True,taːm1,taam0
ชาบู,ชา,cha,ch,a,,True,cʰaː1,chaa0
ชาบู,บู,bu,b,u,,True,buː1,buu0
วะ,วะ,wa,w,a,,False,wa4,wa3
เจ้าของ,เจ้า,chao,ch,ao,,True,caːw3,caaw2
เจ้าของ,ของ,khong,kh,o,ng,True,kʰᴐːŋ5,khOON4
เทคโนโลยี,เทค,thek,th,e,k,True,tʰeːk4,theek3
เทคโนโลยี,โน,no,n,o,,True,noː1,noo0
เทคโนโลยี,โล,lo,l,o,,True,loː1,loo0
เทคโนโลยี,ยี,yi,y,i,,True,jiː1,jii0
แตก,แตก,taek,t,ae,k,True,tɛːk2,txxk1
ไกล,ไกล,klai,kl,ai,,False,klaj1,klaj0
อำเภอ,อำ,am,,a,m,False,ʔam1,?am0
อำเภอ,เภอ,phoe,ph,oe,,True,pʰɤː1,ph@@0
สเต็ก,สเต็ก,satek,s,ate,k,False,sa2,sa1'tek1
ต่อมา,ต่อ,to,t,o,,True,tᴐː2,tOO1
ต่อมา,มา,ma,m,a,,True,maː1,maa0
สวน,สวน,suan,s,ua,n,True,suːan5,suuan4
ผู้หญิง,ผู้,phu,ph,u,,True,pʰuː3,phuu2
ผู้หญิง,หญิง,ying,y,i,ng,False,jiŋ5,jiN4
ดังนี้,ดัง,dang,d,a,ng,False,daŋ1,daN0
ดังนี้,นี้,ni,n,i,,True,niː4,nii3
ส่วนลด,ส่วน,suan,s,ua,n,True,suːan2,suuan1
ส่วนลด,ลด,lot,l,o,t,False,lot4,lot3
ปรับปรุง,ปรับ,prap,pr,a,p,False,prap2,prap1
ปรับปรุง,ปรุง,prung,pr,u,ng,False,pruŋ1,pruN0
ปรุง,ปรุง,prung,pr,u,ng,False,pruŋ1,pruN0
ชายแดน,ชาย,chai,ch,ai,,True,cʰaːj1,chaaj0
ชายแดน,แดน,daen,d,ae,n,True,dɛːn1,dxxn0
ไอศครีม,ไอศ,asai,,asai,,False,ʔa2,?a1'saj4
ไอศครีม,ครีม,khrim,khr,i,m,True,saj5,khriim0
ขึ้นไป,ขึ้น,khue,kh,ue,,False,kʰɯn3,khUn2
ขึ้นไป,ไป,npai,n,pai,,False,paj1,paj0
ไฟ,ไฟ,fai,f,ai,,False,faj1,faj0
ทำได้,ทำ,tham,th,a,m,False,tʰam1,tham0
ทำได้,ได้,dai,d,ai,,True,daːj3,daaj2
โชว์,โชว์,cho,ch,o,,True,cʰoː1,choo0
ได้ดี,ได้,dai,d,ai,,True,daːj3,daaj2
ได้ดี,ดี,di,d,i,,True,diː1,dii0
ผู้ป่วย,ผู้,phu,ph,u,,True,pʰuː3,phuu2
ผู้ป่วย,ป่วย,puai,p,uai,,True,puːaj2,puuaj1
ติ,ติ,ti,t,i,,False,ti2,ti1
ต่อต้าน,ต่อ,to,t,o,,True,tᴐː2,tOO1
ต่อต้าน,ต้าน,tan,t,a,n,True,taːn3,taan2
ประหยัด,ประ,pra,pr,a,,False,pra2,pra1
ประหยัด,หยัด,yat,y,a,t,False,jat2,jat1
ต่างประเทศ,ต่าง,tang,t,a,ng,True,taːŋ2,taaN1
ต่างประเทศ,ประ,pra,pr,a,,False,pra2,pra1
ต่างประเทศ,เทศ,thet,th,e,t,True,tʰeːt3,theet2
ไอติม,ไอ,ai,,ai,,False,ʔaj1,?aj0
ไอติม,ติม,tim,t,i,m,False,tim1,tim0
สิทธิ์,สิทธิ์,sit,s,i,t,False,sit2,sit1
นิดหน่อย,นิด,nit,n,i,t,False,nit4,nit3
นิดหน่อย,หน่อย,noi,n,oi,,True,nᴐːj2,nOOj1
เสียดาย,เสีย,sia,s,ia,,True,siːa5,siia4
เสียดาย,ดาย,dai,d,ai,,True,daːj1,daaj0
ยืน,ยืน,yuen,y,ue,n,True,jɯːn1,jUUn0
สาร,สาร,san,s,a,n,True,saːn5,saan4
เนียน,เนียน,nian,n,ia,n,True,niːan1,niian0
อ้วน,อ้วน,uan,,ua,n,True,ʔuːan3,?uuan2
ตัง,ตัง,tang,t,a,ng,False,taŋ1,taN0
สภาพ,สภาพ,saphap,s,apha,p,True,sa2,sa1'phaap2
กันแดด,กัน,kan,k,a,n,False,kan1,kan0
กันแดด,แดด,daet,d,ae,t,True,dɛːt2,dxxt1
ประเภท,ประ,pra,pr,a,,False,pra2,pra1
ประเภท,เภท,phet,ph,e,t,True,pʰeːt3,pheet2
ไอศกรีม,ไอ,ai,,ai,,False,ʔaj1,?aj0
ไอศกรีม,ศกรีม,sakrim,s,akri,m,True,sa2,sa1'kriim0
ซูชิ,ซู,su,s,u,,True,suː1,suu0
ซูชิ,ชิ,chi,ch,i,,False,cʰi4,chi3
ดำเนิน,ดำ,dam,d,a,m,False,dam1,dam0
ดำเนิน,เนิน,noen,n,oe,n,True,nɤːn1,n@@n0
เจ้าของร้าน,เจ้า,chao,ch,ao,,True,caːw3,caaw2
เจ้าของร้าน,ของ,khong,kh,o,ng,True,kʰᴐːŋ5,khOON4
เจ้าของร้าน,ร้าน,ran,r,a,n,True,raːn4,raan3
ยี่ห้อ,ยี่,yi,y,i,,True,jiː3,jii2
ยี่ห้อ,ห้อ,ho,h,o,,True,hᴐː3,hOO2
มือ,มือ,mue,m,ue,,True,mɯː1,mUU0
จนถึง,จน,chon,ch,o,n,False,con1,con0
จนถึง,ถึง,thueng,th,ue,ng,False,tʰɯŋ5,thUN4
ปลาหมึก,ปลา,pla,pl,a,,True,plaː1,plaa0
ปลาหมึก,หมึก,muek,m,ue,k,False,mɯk2,mUk1
ยึด,ยึด,yuet,y,ue,t,False,jɯt4,jUt3
ลิป,ลิป,lip,l,i,p,False,lip4,lip3
เสาร์,เสาร์,sao,s,ao,,False,saw5,saw4
ยย,ย,yo,y,o,,True,jᴐː1,jOO0
ยย,ย,yo,y,o,,True,jᴐː1,jOO0
จืด,จืด,chuet,ch,ue,t,True,cɯːt2,cUUt1
ผู้นำ,ผู้,phu,ph,u,,True,pʰuː3,phuu2
ผู้นำ,นำ,nam,n,a,m,False,nam1,nam0
คนใน,คน,khon,kh,o,n,False,kʰon1,khon0
คนใน,ใน,nai,n,ai,,False,naj1,naj0
ร่วมกับ,ร่วม,ruam,r,ua,m,True,ruːam3,ruuam2
ร่วมกับ,กับ,kap,k,a,p,False,kap2,kap1
ประกอบ,ประ,pra,pr,a,,False,pra2,pra1
ประกอบ,กอบ,kop,k,o,p,True,kᴐːp2,kOOp1
นำเสนอ,นำ,nam,n,a,m,False,nam1,nam0
นำเสนอ,เสนอ,sanoe,s,anoe,,True,sa2,sa1'n@@4
ออนไลน์,ออน,on,,o,n,True,ʔᴐːn1,?OOn0
ออนไลน์,ไลน์,lai,l,ai,,False,laj1,laj0
อีกครั้ง,อีก,ik,,i,k,True,ʔiːk2,?iik1
อีกครั้ง,ครั้ง,khrang,khr,a,ng,False,kʰraŋ4,khraN3
ป่า,ป่า,pa,p,a,,True,paː2,paa1
เจรจา,เจ,che,ch,e,,True,ceː1,cee0
เจรจา,รจา,racha,r,acha,,True,ra4,ra3'caa0
พวกเรา,พวก,phuak,ph,ua,k,True,pʰuːak3,phuuak2
พวกเรา,เรา,rao,r,ao,,False,raw1,raw0
ไว,ไว,wai,w,ai,,False,waj1,waj0
ฝาก,ฝาก,fak,f,a,k,True,faːk2,faak1
จา,จา,cha,ch,a,,True,caː1,caa0
บางคน,บาง,bang,b,a,ng,True,baːŋ1,baaN0
บางคน,คน,khon,kh,o,n,False,kʰon1,khon0
ถูกใจ,ถูก,thuk,th,u,k,True,tʰuːk2,thuuk1
ถูกใจ,ใจ,chai,ch,ai,,False,caj1,caj0
จำนวนมาก,จำ,cham,ch,a,m,False,cam1,cam0
จำนวนมาก,นวน,nuan,n,ua,n,True,nuːan1,nuuan0
จำนวนมาก,มาก,mak,m,a,k,True,maːk3,maak2
แบ่ง,แบ่ง,baeng,b,ae,ng,True,bɛːŋ2,bxxN1
เริ่มต้น,เริ่ม,roem,r,oe,m,True,rɤːm3,r@@m2
เริ่มต้น,ต้น,ton,t,o,n,False,ton3,ton2
แทบ,แทบ,thaep,th,ae,p,True,tʰɛːp3,thxxp2
เก,เก,ke,k,e,,True,keː1,kee0
เกาหลี,เกา,kao,k,ao,,False,kaw1,kaw0
เกาหลี,หลี,li,l,i,,True,liː5,lii4
ศุกร์,ศุกร์,suk,s,u,k,False,suk2,suk1
อีกด้วย,อีก,ik,,i,k,True,ʔiːk2,?iik1
อีกด้วย,ด้วย,duai,d,uai,,True,duːaj3,duuaj2
อันดับ,อัน,an,,a,n,False,ʔan1,?an0
อันดับ,ดับ,dap,d,a,p,False,dap2,dap1
ปา,ปา,pa,p,a,,True,paː1,paa0
ถ่ายรูป,ถ่าย,thai,th,ai,,True,tʰaːj2,thaaj1
ถ่ายรูป,รูป,rup,r,u,p,True,ruːp3,ruup2
เว็บไซต์,เว็บ,wep,w,e,p,False,wep4,wep3
เว็บไซต์,ไซต์,sai,s,ai,,False,saj1,saj0
สี่,สี่,si,s,i,,True,siː2,sii1
ชนิด,ชนิด,chanit,ch,ani,t,False,cʰa4,cha3'nit3
รับรอง,รับ,rap,r,a,p,False,rap4,rap3
รับรอง,รอง,rong,r,o,ng,True,rᴐːŋ1,rOON0
พร้อมกับ,พร้อม,phrom,phr,o,m,True,pʰrᴐːm4,phrOOm3
พร้อมกับ,กับ,kap,k,a,p,False,kap2,kap1
ตอนแรก,ตอน,ton,t,o,n,True,tᴐːn1,tOOn0
ตอนแรก,แรก,raek,r,ae,k,True,rɛːk3,rxxk2
พัก,พัก,phak,ph,a,k,False,pʰak4,phak3
ซิ,ซิ,si,s,i,,False,si4,si3
แต่ง,แต่ง,taeng,t,ae,ng,True,tɛːŋ2,txxN1
แข็ง,แข็ง,khaeng,kh,ae,ng,False,kʰɛŋ5,khxN4
ต่างกัน,ต่าง,tang,t,a,ng,True,taːŋ2,taaN1
ต่างกัน,กัน,kan,k,a,n,False,kan1,kan0
